Mating,UNC_ID,Oas1b_status,Virus,Tissue,Timepoint,fc.mean
13140x16680,CC(001x055)/F1,Null+Null,WNV,Brain,4,1.480869601
13140x16680,CC(001x055)/F1,Null+Null,WNV,Brain,7,3820.526178
13140x16680,CC(001x055)/F1,Null+Null,WNV,Brain,12,112071.1635
13140x16680,CC(001x055)/F1,Null+Null,WNV,Spleen,2,124.3274117
13140x16680,CC(001x055)/F1,Null+Null,WNV,Spleen,4,134.0123834
13140x16680,CC(001x055)/F1,Null+Null,WNV,Spleen,7,7.953309533
13140x16680,CC(001x055)/F1,Null+Null,WNV,Spleen,12,4.390005899
15156x3252,CC(002x011)/F1,Null+Null,WNV,Brain,4,2.112409336
15156x3252,CC(002x011)/F1,Null+Null,WNV,Brain,7,2.85534798
15156x3252,CC(002x011)/F1,Null+Null,WNV,Brain,12,4409.130692
15156x3252,CC(002x011)/F1,Null+Null,WNV,Spleen,2,162.4792596
15156x3252,CC(002x011)/F1,Null+Null,WNV,Spleen,4,178.2249084
15156x3252,CC(002x011)/F1,Null+Null,WNV,Spleen,7,5.944958412
15156x3252,CC(002x011)/F1,Null+Null,WNV,Spleen,12,2.11330414
15156x1566,CC(002x021)/F1,Null+Null,WNV,Brain,4,0.412335017
15156x1566,CC(002x021)/F1,Null+Null,WNV,Brain,7,39.76853621
15156x1566,CC(002x021)/F1,Null+Null,WNV,Brain,12,154247.6398
15156x1566,CC(002x021)/F1,Null+Null,WNV,Spleen,2,38.7556121
15156x1566,CC(002x021)/F1,Null+Null,WNV,Spleen,4,326.0865467
15156x1566,CC(002x021)/F1,Null+Null,WNV,Spleen,7,44.79709683
15156x1566,CC(002x021)/F1,Null+Null,WNV,Spleen,12,4.239647869
13067x5306,CC(003x062)/F1,Functional+Null,WNV,Brain,4,1.9629187
13067x5306,CC(003x062)/F1,Functional+Null,WNV,Brain,7,0.992098939
13067x5306,CC(003x062)/F1,Functional+Null,WNV,Brain,12,6.763538241
13067x5306,CC(003x062)/F1,Functional+Null,WNV,Spleen,2,82.55786345
13067x5306,CC(003x062)/F1,Functional+Null,WNV,Spleen,4,322.2420473
13067x5306,CC(003x062)/F1,Functional+Null,WNV,Spleen,7,32.23001975
13067x5306,CC(003x062)/F1,Functional+Null,WNV,Spleen,12,4.262401631
16211x8049,CC(005x038)/F1,Null+Functional,WNV,Brain,4,1.455428891
16211x8049,CC(005x038)/F1,Null+Functional,WNV,Brain,7,1583.72985
16211x8049,CC(005x038)/F1,Null+Functional,WNV,Brain,12,12.83786335
16211x8049,CC(005x038)/F1,Null+Functional,WNV,Spleen,2,78.4300112
16211x8049,CC(005x038)/F1,Null+Functional,WNV,Spleen,4,1.999076525
16211x8049,CC(005x038)/F1,Null+Functional,WNV,Spleen,7,7.000434486
16211x8049,CC(005x038)/F1,Null+Functional,WNV,Spleen,12,0.677206159
16211x16557,CC(005x040)/F1,Null+Null,WNV,Brain,4,1.154463209
16211x16557,CC(005x040)/F1,Null+Null,WNV,Brain,7,189.2741247
16211x16557,CC(005x040)/F1,Null+Null,WNV,Brain,12,526.0699451
16211x16557,CC(005x040)/F1,Null+Null,WNV,Spleen,2,6.188830707
16211x16557,CC(005x040)/F1,Null+Null,WNV,Spleen,4,235.5136138
16211x16557,CC(005x040)/F1,Null+Null,WNV,Spleen,7,12.68259044
16211x16557,CC(005x040)/F1,Null+Null,WNV,Spleen,12,1.034866467
16750x13421,CC(006x007)/F1,Null+Null,WNV,Brain,4,1.398292629
16750x13421,CC(006x007)/F1,Null+Null,WNV,Brain,7,146.119001
16750x13421,CC(006x007)/F1,Null+Null,WNV,Brain,12,7548.636117
16750x13421,CC(006x007)/F1,Null+Null,WNV,Spleen,2,69.42259103
16750x13421,CC(006x007)/F1,Null+Null,WNV,Spleen,4,395.7192423
16513x16188,CC(006x007)/F1,Null+Null,WNV,Spleen,7,40.12543284
16750x13421,CC(006x007)/F1,Null+Null,WNV,Spleen,12,4.718154122
16750x15155,CC(006x039)/F1,Null+Functional,WNV,Brain,4,0.385613822
16750x15155,CC(006x039)/F1,Null+Functional,WNV,Brain,7,0.52552889
16750x15155,CC(006x039)/F1,Null+Functional,WNV,Brain,12,0.925138385
16513x16188,CC(006x039)/F1,Null+Functional,WNV,Spleen,2,17.12461913
16513x16188,CC(006x039)/F1,Null+Functional,WNV,Spleen,4,13.58763898
16750x15155,CC(006x039)/F1,Null+Functional,WNV,Spleen,7,0.992328063
16513x16188,CC(006x039)/F1,Null+Functional,WNV,Spleen,12,0.979194263
13421x16034,CC(007x070)/F1,Null+Functional,WNV,Brain,4,1.681792336
13421x16034,CC(007x070)/F1,Null+Functional,WNV,Brain,7,3.671407461
13421x16034,CC(007x070)/F1,Null+Functional,WNV,Brain,12,45.38747213
13421x16034,CC(007x070)/F1,Null+Functional,WNV,Spleen,2,37.4296819
13421x16034,CC(007x070)/F1,Null+Functional,WNV,Spleen,4,110.1930279
13421x16034,CC(007x070)/F1,Null+Functional,WNV,Spleen,7,3.178227566
13421x16034,CC(007x070)/F1,Null+Functional,WNV,Spleen,12,0.829064343
13421x3260,CC(007x075)/F1,Null+Null,WNV,Brain,4,1.567597898
13421x3260,CC(007x075)/F1,Null+Null,WNV,Brain,7,2.31426712
13421x3260,CC(007x075)/F1,Null+Null,WNV,Brain,12,246.4336458
13421x3260,CC(007x075)/F1,Null+Null,WNV,Spleen,2,3.28549527
13421x3260,CC(007x075)/F1,Null+Null,WNV,Spleen,4,24.4201505
13421x3260,CC(007x075)/F1,Null+Null,WNV,Spleen,7,0.829702875
13421x3260,CC(007x075)/F1,Null+Null,WNV,Spleen,12,0.354493953
8036x15489,CC(008x009)/F1,Functional+Null,WNV,Brain,4,0.911792751
8036x15489,CC(008x009)/F1,Functional+Null,WNV,Brain,7,0.620857217
8036x15489,CC(008x009)/F1,Functional+Null,WNV,Brain,12,0.594008509
8036x15489,CC(008x009)/F1,Functional+Null,WNV,Spleen,2,23.32277038
8036x15489,CC(008x009)/F1,Functional+Null,WNV,Spleen,4,27.75909449
8036x15489,CC(008x009)/F1,Functional+Null,WNV,Spleen,7,1.398615974
8036x15489,CC(008x009)/F1,Functional+Null,WNV,Spleen,12,2.657576684
8036x18018,CC(008x010)/F1,Functional+Null,WNV,Brain,4,0.925874576
8036x18018,CC(008x010)/F1,Functional+Null,WNV,Brain,7,0.786519991
8036x18018,CC(008x010)/F1,Functional+Null,WNV,Brain,12,1.030333039
8036x18018,CC(008x010)/F1,Functional+Null,WNV,Spleen,2,29.88695718
8036x18018,CC(008x010)/F1,Functional+Null,WNV,Spleen,4,5.552400684
8036x18018,CC(008x010)/F1,Functional+Null,WNV,Spleen,7,2.271009125
8036x18018,CC(008x010)/F1,Functional+Null,WNV,Spleen,12,1.100463524
8036x3609,CC(008x018)/F1,Functional+Null,WNV,Brain,4,0.494675188
8036x3609,CC(008x018)/F1,Functional+Null,WNV,Brain,7,0.887423837
8036x3609,CC(008x018)/F1,Functional+Null,WNV,Brain,12,8.483735432
8036x3609,CC(008x018)/F1,Functional+Null,WNV,Spleen,2,35.8358947
8036x3609,CC(008x018)/F1,Functional+Null,WNV,Spleen,4,6.047942602
8036x3609,CC(008x018)/F1,Functional+Null,WNV,Spleen,7,8.589389494
8036x3609,CC(008x018)/F1,Functional+Null,WNV,Spleen,12,0.481037787
5489x16557,CC(009x040)/F1,Null+Null,WNV,Brain,4,1.015913492
5489x16557,CC(009x040)/F1,Null+Null,WNV,Brain,7,3.39507643
5489x16557,CC(009x040)/F1,Null+Null,WNV,Brain,12,1204.827931
5489x16557,CC(009x040)/F1,Null+Null,WNV,Spleen,2,30.67044249
5489x16557,CC(009x040)/F1,Null+Null,WNV,Spleen,4,137.4618905
5489x16557,CC(009x040)/F1,Null+Null,WNV,Spleen,7,3.268334502
5489x16557,CC(009x040)/F1,Null+Null,WNV,Spleen,12,0.928802489
18018x3460,CC(010x060)/F1,Null+Null,WNV,Brain,4,0.985985846
18018x3460,CC(010x060)/F1,Null+Null,WNV,Brain,7,263.8414056
18018x3460,CC(010x060)/F1,Null+Null,WNV,Brain,12,480.1751655
18018x3460,CC(010x060)/F1,Null+Null,WNV,Spleen,2,26.25109635
18018x3460,CC(010x060)/F1,Null+Null,WNV,Spleen,4,56.10598845
18018x3460,CC(010x060)/F1,Null+Null,WNV,Spleen,7,0.883638265
18018x3460,CC(010x060)/F1,Null+Null,WNV,Spleen,12,0.82097882
3252x8002,CC(011x032)/F1,Null+Null,WNV,Brain,4,0.766605229
3252x8002,CC(011x032)/F1,Null+Null,WNV,Brain,7,34.47420045
3252x8002,CC(011x032)/F1,Null+Null,WNV,Brain,12,211.3921485
3252x8002,CC(011x032)/F1,Null+Null,WNV,Spleen,2,145.4340496
3252x8002,CC(011x032)/F1,Null+Null,WNV,Spleen,4,95.27329902
3252x8002,CC(011x032)/F1,Null+Null,WNV,Spleen,7,18.84210672
3252x8002,CC(011x032)/F1,Null+Null,WNV,Spleen,12,0.874515239
8005x8049,CC(012x038)/F1,Functional+Functional,WNV,Brain,4,0.809940885
8005x8049,CC(012x038)/F1,Functional+Functional,WNV,Brain,7,0.803665088
8005x8049,CC(012x038)/F1,Functional+Functional,WNV,Brain,12,5.546839235
8005x8049,CC(012x038)/F1,Functional+Functional,WNV,Spleen,2,9.755540604
8005x8049,CC(012x038)/F1,Functional+Functional,WNV,Spleen,4,24.85465212
8005x8049,CC(012x038)/F1,Functional+Functional,WNV,Spleen,7,4.752431774
8005x8049,CC(012x038)/F1,Functional+Functional,WNV,Spleen,12,2.109807157
8010x16441,CC(013x041)/F1,Null+Functional,WNV,Brain,4,1.265562068
8010x16441,CC(013x041)/F1,Null+Functional,WNV,Brain,7,1.452293715
8010x16441,CC(013x041)/F1,Null+Functional,WNV,Brain,12,1.016539724
8010x16441,CC(013x041)/F1,Null+Functional,WNV,Spleen,2,194.3706302
8010x16441,CC(013x041)/F1,Null+Functional,WNV,Spleen,4,52.03223552
8010x16441,CC(013x041)/F1,Null+Functional,WNV,Spleen,7,1.953416521
8010x16441,CC(013x041)/F1,Null+Functional,WNV,Spleen,12,1.346922198
3154x3609,CC(015x018)/F1,Null+Null,WNV,Brain,4,2.488982344
3154x3609,CC(015x018)/F1,Null+Null,WNV,Brain,7,1618.004673
3154x3609,CC(015x018)/F1,Null+Null,WNV,Brain,12,17604.62709
3154x3609,CC(015x018)/F1,Null+Null,WNV,Spleen,2,103.2978344
3154x3609,CC(015x018)/F1,Functional+Null,WNV,Spleen,4,355.8463914
3154x3609,CC(015x018)/F1,Functional+Null,WNV,Spleen,7,130.1671725
3154x3609,CC(015x018)/F1,Null+Null,WNV,Spleen,12,20.86642022
3154x16012,CC(015x059)/F1,Null+Null,WNV,Brain,4,1.113850263
3154x16012,CC(015x059)/F1,Null+Null,WNV,Brain,7,27.54825697
3154x16012,CC(015x059)/F1,Null+Null,WNV,Brain,12,8036.397848
3154x16012,CC(015x059)/F1,Functional+Null,WNV,Spleen,2,77.78631993
3154x16012,CC(015x059)/F1,Null+Null,WNV,Spleen,4,126.6857823
3154x16012,CC(015x059)/F1,Null+Null,WNV,Spleen,7,6.676073771
3154x16012,CC(015x059)/F1,Functional+Null,WNV,Spleen,12,0.629378444
8024x8049,CC(016x038)/F1,Null+Functional,WNV,Brain,4,1.878755771
8024x8049,CC(016x038)/F1,Null+Functional,WNV,Brain,7,143.8855063
8024x8049,CC(016x038)/F1,Null+Functional,WNV,Brain,12,243.2750188
8024x8049,CC(016x038)/F1,Null+Functional,WNV,Spleen,2,116.4579626
8024x8049,CC(016x038)/F1,Null+Functional,WNV,Spleen,4,464.9002286
8024x8049,CC(016x038)/F1,Null+Functional,WNV,Spleen,7,39.28752323
8024x8049,CC(016x038)/F1,Null+Functional,WNV,Spleen,12,12.56301247
8024x8048,CC(016x061)/F1,Null+Null,WNV,Brain,4,1.228208432
8024x8048,CC(016x061)/F1,Null+Null,WNV,Brain,7,84.95733526
8024x8048,CC(016x061)/F1,Null+Null,WNV,Spleen,2,12.62315031
8024x8048,CC(016x061)/F1,Null+Null,WNV,Spleen,4,50.4226461
8024x8048,CC(016x061)/F1,Null+Null,WNV,Spleen,7,4.86089804
3032x16188,CC(017x004)/F1,Functional+Functional,WNV,Brain,4,8.69086285
3032x16188,CC(017x004)/F1,Functional+Functional,WNV,Brain,7,0.942675316
3032x16188,CC(017x004)/F1,Functional+Functional,WNV,Brain,12,3.106472817
3032x16188,CC(017x004)/F1,Functional+Functional,WNV,Spleen,2,44.98723993
3032x16188,CC(017x004)/F1,Functional+Functional,WNV,Spleen,4,95.48634339
3032x16188,CC(017x004)/F1,Functional+Functional,WNV,Spleen,7,3.696658247
3032x16188,CC(017x004)/F1,Functional+Functional,WNV,Spleen,12,1.397108663
3609x5119,CC(018x065)/F1,Null+Null,WNV,Brain,4,8.981770237
3609x5119,CC(018x065)/F1,Null+Null,WNV,Brain,7,254.3491558
3609x5119,CC(018x065)/F1,Null+Null,WNV,Brain,12,2717.274651
3609x5119,CC(018x065)/F1,Null+Null,WNV,Spleen,2,72.05368823
3609x5119,CC(018x065)/F1,Null+Null,WNV,Spleen,4,69.21440626
3609x5119,CC(018x065)/F1,Null+Null,WNV,Spleen,7,4.94929343
3609x5119,CC(018x065)/F1,Null+Null,WNV,Spleen,12,2.886634884
16513x15156,CC(019x002)/F1,Functional+Null,WNV,Brain,4,0.993933852
16513x15156,CC(019x002)/F1,Functional+Null,WNV,Brain,7,1.230480578
16513x15156,CC(019x002)/F1,Functional+Null,WNV,Brain,12,50.08207501
16513x15156,CC(019x002)/F1,Functional+Null,WNV,Spleen,2,155.8484475
16513x15156,CC(019x002)/F1,Functional+Null,WNV,Spleen,4,12.20443023
16513x15156,CC(019x002)/F1,Functional+Null,WNV,Spleen,7,5.909805145
16513x15156,CC(019x002)/F1,Functional+Null,WNV,Spleen,12,1.124538567
16513x16188,CC(019x004)/F1,Functional+Functional,WNV,Brain,4,0.113571047
16513x16188,CC(019x004)/F1,Functional+Functional,WNV,Brain,7,0.117839036
16513x16188,CC(019x004)/F1,Functional+Functional,WNV,Brain,12,0.125753235
16513x16188,CC(019x004)/F1,Functional+Functional,WNV,Spleen,2,35.14438045
16513x16188,CC(019x004)/F1,Functional+Functional,WNV,Spleen,4,1.214943028
16513x16188,CC(019x004)/F1,Functional+Functional,WNV,Spleen,7,1.191223184
16513x16188,CC(019x004)/F1,Functional+Functional,WNV,Spleen,12,0.718470129
16513x8027,CC(019x027)/F1,Functional+Null,WNV,Brain,4,0.375269724
16513x8027,CC(019x027)/F1,Functional+Null,WNV,Brain,7,2.653076957
16513x8027,CC(019x027)/F1,Functional+Null,WNV,Brain,12,0.966159496
16513x8027,CC(019x027)/F1,Functional+Null,WNV,Spleen,2,16.48533831
16513x8027,CC(019x027)/F1,Functional+Null,WNV,Spleen,4,13.53749084
16513x8027,CC(019x027)/F1,Functional+Null,WNV,Spleen,7,0.885085398
16513x8027,CC(019x027)/F1,Functional+Null,WNV,Spleen,12,1.88513296
8054x8036,CC(020x008)/F1,Null+Functional,WNV,Brain,2,1.721235259
8054x8036,CC(020x008)/F1,Null+Functional,WNV,Brain,4,1.791981185
8054x8036,CC(020x008)/F1,Null+Functional,WNV,Brain,7,2.832350384
8054x8036,CC(020x008)/F1,Null+Functional,WNV,Brain,12,13.54583964
8054x8036,CC(020x008)/F1,Null+Functional,WNV,Spleen,2,39.02516623
8054x8036,CC(020x008)/F1,Null+Functional,WNV,Spleen,4,57.31246646
8054x8036,CC(020x008)/F1,Null+Functional,WNV,Spleen,7,4.219288906
8054x8036,CC(020x008)/F1,Null+Functional,WNV,Spleen,12,1.37978575
1566x8043,CC(021x023)/F1,Null+Null,WNV,Brain,4,1.240758457
1566x8043,CC(021x023)/F1,Null+Null,WNV,Brain,7,287.3061352
1566x8043,CC(021x023)/F1,Null+Null,WNV,Spleen,2,294.4295421
1566x8043,CC(021x023)/F1,Null+Null,WNV,Spleen,4,879.6457835
1566x8043,CC(021x023)/F1,Null+Null,WNV,Spleen,7,152.2185331
8046x8004,CC(022x024)/F1,Functional+Null,WNV,Brain,4,10.65735766
8046x8004,CC(022x024)/F1,Functional+Null,WNV,Brain,7,0.762659694
8046x8004,CC(022x024)/F1,Functional+Null,WNV,Brain,12,2.005552469
8046x8004,CC(022x024)/F1,Functional+Null,WNV,Spleen,2,137.8383333
8046x8004,CC(022x024)/F1,Functional+Null,WNV,Spleen,4,123.0698828
8046x8004,CC(022x024)/F1,Functional+Null,WNV,Spleen,7,11.79052549
8046x8004,CC(022x024)/F1,Functional+Null,WNV,Spleen,12,0.773424876
8046x4410,CC(022x044)/F1,Functional+Null,WNV,Brain,4,1.275051599
8046x4410,CC(022x044)/F1,Functional+Null,WNV,Brain,7,1.336588892
8046x4410,CC(022x044)/F1,Functional+Null,WNV,Brain,12,1.052874752
8046x4410,CC(022x044)/F1,Functional+Null,WNV,Spleen,2,105.4846141
8046x4410,CC(022x044)/F1,Functional+Null,WNV,Spleen,4,32.4484248
8046x4410,CC(022x044)/F1,Functional+Null,WNV,Spleen,7,0.885622529
8046x4410,CC(022x044)/F1,Functional+Null,WNV,Spleen,12,0.565470022
8043x8008,CC(023x025)/F1,Null+Functional,WNV,Brain,4,0.667316991
8043x8008,CC(023x025)/F1,Null+Functional,WNV,Brain,7,87.77062188
8043x8008,CC(023x025)/F1,Null+Functional,WNV,Brain,12,23.68296281
8043x8008,CC(023x025)/F1,Null+Functional,WNV,Spleen,2,114.2284776
8043x8008,CC(023x025)/F1,Null+Functional,WNV,Spleen,4,202.4687435
8043x8008,CC(023x025)/F1,Null+Functional,WNV,Spleen,7,1.659533486
8043x8008,CC(023x025)/F1,Null+Functional,WNV,Spleen,12,1.226979664
8004x8052,CC(024x052)/F1,Null+Null,WNV,Brain,4,1.149760493
8004x8052,CC(024x052)/F1,Null+Null,WNV,Brain,7,45.89715298
8004x8052,CC(024x052)/F1,Null+Null,WNV,Brain,12,5118.282212
8004x8052,CC(024x052)/F1,Null+Null,WNV,Spleen,2,11.44164206
8004x8052,CC(024x052)/F1,Null+Null,WNV,Spleen,4,112.2919921
8004x8052,CC(024x052)/F1,Null+Null,WNV,Spleen,7,11.81597337
8004x8052,CC(024x052)/F1,Null+Null,WNV,Spleen,12,1.901611828
8027x477,CC(027x036)/F1,Null+Null,WNV,Brain,4,2.314980464
8027x477,CC(027x036)/F1,Null+Null,WNV,Brain,7,1988.012255
8027x477,CC(027x036)/F1,Null+Null,WNV,Spleen,2,81.24584759
8027x477,CC(027x036)/F1,Null+Null,WNV,Spleen,4,243.0315258
8027x477,CC(027x036)/F1,Null+Null,WNV,Spleen,7,22.3899263
8016x8004,CC(028x024)/F1,Functional+Null,WNV,Brain,2,0.810940083
8016x8004,CC(028x024)/F1,Functional+Null,WNV,Brain,4,1.527670744
8016x8004,CC(028x024)/F1,Functional+Null,WNV,Brain,7,8.913553983
8016x8004,CC(028x024)/F1,Functional+Null,WNV,Brain,12,2817.544061
8016x8004,CC(028x024)/F1,Functional+Null,WNV,Spleen,2,19.96406507
8016x8004,CC(028x024)/F1,Functional+Null,WNV,Spleen,4,62.42277991
8016x8004,CC(028x024)/F1,Functional+Null,WNV,Spleen,7,4.913590109
8016x8004,CC(028x024)/F1,Functional+Null,WNV,Spleen,12,2.255148167
3564x8027,CC(029x027)/F1,Functional+Null,WNV,Brain,2,0.978816754
3564x8027,CC(029x027)/F1,Functional+Null,WNV,Brain,4,0.754248087
3564x8027,CC(029x027)/F1,Functional+Null,WNV,Brain,7,0.622916594
3564x8027,CC(029x027)/F1,Functional+Null,WNV,Brain,12,0.928516899
3564x8027,CC(029x027)/F1,Functional+Null,WNV,Spleen,2,20.7622172
3564x8027,CC(029x027)/F1,Functional+Null,WNV,Spleen,4,44.67304776
3564x8027,CC(029x027)/F1,Functional+Null,WNV,Spleen,7,2.696749739
3564x8027,CC(029x027)/F1,Functional+Null,WNV,Spleen,12,1.710530888
3564x16785,CC(029x071)/F1,Functional+Null,WNV,Brain,4,0.570381818
3564x16785,CC(029x071)/F1,Functional+Null,WNV,Brain,7,0.786459452
3564x16785,CC(029x071)/F1,Functional+Null,WNV,Brain,12,0.694370601
3564x16785,CC(029x071)/F1,Functional+Null,WNV,Spleen,2,43.91438839
3564x16785,CC(029x071)/F1,Functional+Null,WNV,Spleen,4,48.31403069
3564x16785,CC(029x071)/F1,Functional+Null,WNV,Spleen,7,1.682705682
3564x16785,CC(029x071)/F1,Functional+Null,WNV,Spleen,12,2.020153484
8034x8043,CC(030x023)/F1,Functional+Null,WNV,Brain,4,1.049474087
8034x8043,CC(030x023)/F1,Functional+Null,WNV,Brain,7,2.591881776
8034x8043,CC(030x023)/F1,Functional+Null,WNV,Brain,12,1.340299576
8034x8043,CC(030x023)/F1,Functional+Null,WNV,Spleen,2,57.13183514
8034x8043,CC(030x023)/F1,Functional+Null,WNV,Spleen,4,22.69723666
8034x8043,CC(030x023)/F1,Functional+Null,WNV,Spleen,7,1.542804944
8034x8043,CC(030x023)/F1,Functional+Null,WNV,Spleen,12,1.499577134
8034x8048,CC(030x061)/F1,Functional+Null,WNV,Brain,4,0.589451226
8034x8048,CC(030x061)/F1,Functional+Null,WNV,Brain,7,34.80498814
8034x8048,CC(030x061)/F1,Functional+Null,WNV,Brain,12,4.548669184
8034x8048,CC(030x061)/F1,Functional+Null,WNV,Spleen,2,343.6719746
8034x8048,CC(030x061)/F1,Functional+Null,WNV,Spleen,4,257.027185
8034x8048,CC(030x061)/F1,Functional+Null,WNV,Spleen,7,24.28137189
8034x8048,CC(030x061)/F1,Functional+Null,WNV,Spleen,12,1.638577468
8002x8010,CC(032x013)/F1,Null+Null,WNV,Brain,2,1.184180553
8002x8010,CC(032x013)/F1,Null+Null,WNV,Brain,7,194.7003193
8002x8010,CC(032x013)/F1,Null+Null,WNV,Brain,12,40.95275428
8002x8010,CC(032x013)/F1,Null+Null,WNV,Spleen,2,107.7093802
8002x8010,CC(032x013)/F1,Null+Null,WNV,Spleen,7,6.777092812
8002x8010,CC(032x013)/F1,Null+Null,WNV,Spleen,12,1.621754612
8002x3032,CC(032x017)/F1,Null+Functional,WNV,Brain,4,1.055472753
8002x3032,CC(032x017)/F1,Null+Functional,WNV,Brain,7,48.678841
8002x3032,CC(032x017)/F1,Null+Functional,WNV,Brain,12,10.87040393
8002x3032,CC(032x017)/F1,Null+Functional,WNV,Spleen,2,118.5119632
8002x3032,CC(032x017)/F1,Null+Functional,WNV,Spleen,4,130.2574366
8002x3032,CC(032x017)/F1,Null+Functional,WNV,Spleen,7,1.263321825
8002x3032,CC(032x017)/F1,Null+Functional,WNV,Spleen,12,0.7944955
8033x5346,CC(033x046)/F1,Null+Functional,WNV,Brain,4,0.28777245
8033x5346,CC(033x046)/F1,Null+Functional,WNV,Brain,7,0.904170406
8033x5346,CC(033x046)/F1,Null+Functional,WNV,Brain,12,1.179629328
8033x5346,CC(033x046)/F1,Null+Functional,WNV,Spleen,2,6.70544628
8033x5346,CC(033x046)/F1,Null+Functional,WNV,Spleen,4,10.88883418
8033x5346,CC(033x046)/F1,Null+Functional,WNV,Spleen,7,4.23654527
8033x5346,CC(033x046)/F1,Null+Functional,WNV,Spleen,12,1.496346198
8033x16768,CC(033x068)/F1,Null+Null,WNV,Brain,4,0.851388088
8033x16768,CC(033x068)/F1,Null+Null,WNV,Brain,7,0.94489257
8033x16768,CC(033x068)/F1,Null+Null,WNV,Brain,12,1.319711101
8033x16768,CC(033x068)/F1,Null+Null,WNV,Spleen,2,25.80378073
8033x16768,CC(033x068)/F1,Null+Null,WNV,Spleen,4,5.070663475
8033x16768,CC(033x068)/F1,Null+Null,WNV,Spleen,7,5.912911273
8033x16768,CC(033x068)/F1,Null+Null,WNV,Spleen,12,0.590570406
5035x8054,CC(035x020)/F1,Null+Null,WNV,Brain,4,0.577879791
5035x8054,CC(035x020)/F1,Null+Null,WNV,Brain,7,1166.303038
5035x8054,CC(035x020)/F1,Null+Null,WNV,Spleen,2,3.905630901
5035x8054,CC(035x020)/F1,Null+Null,WNV,Spleen,4,6.741697735
5035x8054,CC(035x020)/F1,Null+Null,WNV,Spleen,7,3.215899233
5035x16785,CC(035x071)/F1,Null+Null,WNV,Brain,4,1.635048248
5035x16785,CC(035x071)/F1,Null+Null,WNV,Brain,7,35783.32828
5035x16785,CC(035x071)/F1,Null+Null,WNV,Spleen,2,8.566267451
5035x16785,CC(035x071)/F1,Null+Null,WNV,Spleen,4,88.13638965
5035x16785,CC(035x071)/F1,Null+Null,WNV,Spleen,7,4.556731972
477x16912,CC(036x051)/F1,Null+Null,WNV,Brain,4,1.25198922
477x16912,CC(036x051)/F1,Null+Null,WNV,Brain,7,189.8142042
477x16912,CC(036x051)/F1,Null+Null,WNV,Brain,12,291.4064097
477x16912,CC(036x051)/F1,Null+Null,WNV,Spleen,2,42.43942998
477x16912,CC(036x051)/F1,Null+Null,WNV,Spleen,4,174.7858341
477x16912,CC(036x051)/F1,Null+Null,WNV,Spleen,7,11.21653352
477x16912,CC(036x051)/F1,Null+Null,WNV,Spleen,12,2.997768564
16072x5346,CC(037x046)/F1,Null+Functional,WNV,Brain,4,0.530344002
16072x5346,CC(037x046)/F1,Null+Functional,WNV,Brain,7,0.530221392
16072x5346,CC(037x046)/F1,Null+Functional,WNV,Brain,12,0.545379872
16072x5346,CC(037x046)/F1,Null+Functional,WNV,Spleen,2,29.33734534
16072x5346,CC(037x046)/F1,Null+Functional,WNV,Spleen,4,15.25395274
16072x5346,CC(037x046)/F1,Null+Functional,WNV,Spleen,7,0.465583313
16072x5346,CC(037x046)/F1,Null+Functional,WNV,Spleen,12,0.739522693
16072x3393,CC(037x057)/F1,Null+Null,WNV,Brain,4,0.841349999
16072x3393,CC(037x057)/F1,Null+Null,WNV,Brain,7,662.3473918
16072x3393,CC(037x057)/F1,Null+Null,WNV,Brain,12,3151.887378
16072x3393,CC(037x057)/F1,Null+Null,WNV,Spleen,2,20.18670158
16072x3393,CC(037x057)/F1,Null+Null,WNV,Spleen,4,132.1164959
16072x3393,CC(037x057)/F1,Null+Null,WNV,Spleen,7,24.0542932
16072x3393,CC(037x057)/F1,Null+Null,WNV,Spleen,12,0.908323233
8049x8010,CC(038x013)/F1,Functional+Null,WNV,Brain,4,0.873707704
8049x8010,CC(038x013)/F1,Functional+Null,WNV,Brain,7,8.775953868
8049x8010,CC(038x013)/F1,Functional+Null,WNV,Brain,12,122.0034274
8049x8010,CC(038x013)/F1,Functional+Null,WNV,Spleen,2,163.0935798
8049x8010,CC(038x013)/F1,Functional+Null,WNV,Spleen,4,85.41002532
8049x8010,CC(038x013)/F1,Functional+Null,WNV,Spleen,7,1.984350615
8049x8010,CC(038x013)/F1,Functional+Null,WNV,Spleen,12,1.809036923
15155x8054,CC(039x020)/F1,Functional+Null,WNV,Brain,4,0.515762134
15155x8054,CC(039x020)/F1,Functional+Null,WNV,Brain,7,1.084728144
15155x8054,CC(039x020)/F1,Functional+Null,WNV,Brain,12,29.05627283
15155x8054,CC(039x020)/F1,Functional+Null,WNV,Spleen,2,86.01735386
15155x8054,CC(039x020)/F1,Functional+Null,WNV,Spleen,4,5.806939514
15155x8054,CC(039x020)/F1,Functional+Null,WNV,Spleen,7,1.114193757
15155x8054,CC(039x020)/F1,Functional+Null,WNV,Spleen,12,0.894542645
16557x3154,CC(040x015)/F1,Null+Null,WNV,Brain,4,9.701593734
16557x3154,CC(040x015)/F1,Null+Null,WNV,Brain,7,81.10828462
16557x3154,CC(040x015)/F1,Null+Null,WNV,Spleen,2,84.41603811
16557x3154,CC(040x015)/F1,Null+Null,WNV,Spleen,4,311.9610624
16557x3154,CC(040x015)/F1,Null+Null,WNV,Spleen,7,25.49246502
16441x8024,CC(041x016)/F1,Functional+Null,WNV,Brain,4,0.442134051
16441x8024,CC(041x016)/F1,Functional+Null,WNV,Brain,7,0.435241868
16441x8024,CC(041x016)/F1,Functional+Null,WNV,Brain,12,6.331533919
16441x8024,CC(041x016)/F1,Functional+Null,WNV,Spleen,2,167.3948392
16441x8024,CC(041x016)/F1,Functional+Null,WNV,Spleen,4,213.6179484
16441x8024,CC(041x016)/F1,Functional+Null,WNV,Spleen,7,1.559169986
16441x8024,CC(041x016)/F1,Functional+Null,WNV,Spleen,12,1.691665417
8021x8033,CC(043x033)/F1,Null+Null,WNV,Brain,4,1.415085524
8021x8033,CC(043x033)/F1,Null+Null,WNV,Brain,7,11.28151919
8021x8033,CC(043x033)/F1,Null+Null,WNV,Brain,12,338.614669
8021x8033,CC(043x033)/F1,Null+Null,WNV,Spleen,2,8.097320661
8021x8033,CC(043x033)/F1,Null+Null,WNV,Spleen,4,42.75437393
8021x8033,CC(043x033)/F1,Null+Null,WNV,Spleen,7,4.165690962
8021x8033,CC(043x033)/F1,Null+Null,WNV,Spleen,12,0.749413133
4410x3460,CC(044x060)/F1,Null+Null,WNV,Brain,4,0.000309571
4410x3460,CC(044x060)/F1,Null+Null,WNV,Brain,7,0.000714886
4410x3460,CC(044x060)/F1,Null+Null,WNV,Brain,12,0.000619475
4410x3460,CC(044x060)/F1,Null+Null,WNV,Spleen,2,0.411066733
4410x3460,CC(044x060)/F1,Null+Null,WNV,Spleen,4,181.8437533
4410x3460,CC(044x060)/F1,Null+Null,WNV,Spleen,7,30.46798782
4410x3460,CC(044x060)/F1,Null+Null,WNV,Spleen,12,2.084772108
8045x4410,CC(045x044)/F1,Null+Null,WNV,Brain,4,1.173196433
8045x4410,CC(045x044)/F1,Null+Null,WNV,Brain,7,7.758500839
8045x4410,CC(045x044)/F1,Null+Null,WNV,Brain,12,142.041275
8045x4410,CC(045x044)/F1,Null+Null,WNV,Spleen,2,203.5319487
8045x4410,CC(045x044)/F1,Null+Null,WNV,Spleen,4,109.2970477
8045x4410,CC(045x044)/F1,Null+Null,WNV,Spleen,7,58.40871402
8045x4410,CC(045x044)/F1,Null+Null,WNV,Spleen,12,2.644713524
5346x16768,CC(046x068)/F1,Functional+Null,WNV,Brain,4,3.242510238
5346x16768,CC(046x068)/F1,Functional+Null,WNV,Brain,7,1.820358806
5346x16768,CC(046x068)/F1,Functional+Null,WNV,Brain,12,1.368357237
5346x16768,CC(046x068)/F1,Functional+Null,WNV,Spleen,2,5.380229141
5346x16768,CC(046x068)/F1,Functional+Null,WNV,Spleen,4,11.022151
5346x16768,CC(046x068)/F1,Functional+Null,WNV,Spleen,7,5.586285473
5346x16768,CC(046x068)/F1,Functional+Null,WNV,Spleen,12,1.051902209
16912x5489,CC(051x009)/F1,Null+Null,WNV,Brain,4,1.69884638
16912x5489,CC(051x009)/F1,Null+Null,WNV,Brain,7,0.935839556
16912x5489,CC(051x009)/F1,Null+Null,WNV,Brain,12,0.954106738
16912x5489,CC(051x009)/F1,Null+Null,WNV,Spleen,2,9.221494351
16912x5489,CC(051x009)/F1,Null+Null,WNV,Spleen,4,12.65527428
16912x5489,CC(051x009)/F1,Null+Null,WNV,Spleen,7,2.384834389
16912x5489,CC(051x009)/F1,Null+Null,WNV,Spleen,12,1.449276633
8052x13421,CC(052x007)/F1,Null+Null,WNV,Brain,4,1.795573487
8052x13421,CC(052x007)/F1,Null+Null,WNV,Brain,7,9.940602522
8052x13421,CC(052x007)/F1,Null+Null,WNV,Brain,12,236021.0293
8052x13421,CC(052x007)/F1,Null+Null,WNV,Spleen,2,3.529179375
8052x13421,CC(052x007)/F1,Null+Null,WNV,Spleen,4,21.66725164
8052x13421,CC(052x007)/F1,Null+Null,WNV,Spleen,7,3.087035742
8052x13421,CC(052x007)/F1,Null+Null,WNV,Spleen,12,22.64661734
16680x16750,CC(055x006)/F1,Null+Null,WNV,Brain,4,0.987604148
16680x16750,CC(055x006)/F1,Null+Null,WNV,Brain,7,859.8130757
16680x16750,CC(055x006)/F1,Null+Null,WNV,Brain,12,266.817669
16680x16750,CC(055x006)/F1,Null+Null,WNV,Spleen,2,32.14650749
16680x16750,CC(055x006)/F1,Null+Null,WNV,Spleen,4,162.588515
16680x16750,CC(055x006)/F1,Null+Null,WNV,Spleen,7,49.45045484
16680x16750,CC(055x006)/F1,Null+Null,WNV,Spleen,12,21.4666729
16680x8016,CC(055x028)/F1,Null+Functional,WNV,Brain,4,1.409864085
16680x8016,CC(055x028)/F1,Null+Functional,WNV,Brain,7,7.991992833
16680x8016,CC(055x028)/F1,Null+Functional,WNV,Brain,12,317.585153
16680x8016,CC(055x028)/F1,Null+Functional,WNV,Spleen,2,40.19345179
16680x8016,CC(055x028)/F1,Null+Functional,WNV,Spleen,4,443.5987154
16680x8016,CC(055x028)/F1,Null+Functional,WNV,Spleen,7,6.077360366
16680x8016,CC(055x028)/F1,Null+Functional,WNV,Spleen,12,29.33848739
8056x8033,CC(056x033)/F1,Null+Null,WNV,Brain,4,1.16814711
8056x8033,CC(056x033)/F1,Null+Null,WNV,Brain,7,37.9902115
8056x8033,CC(056x033)/F1,Null+Null,WNV,Brain,12,16647.28927
8056x8033,CC(056x033)/F1,Null+Null,WNV,Spleen,2,36.66219466
8056x8033,CC(056x033)/F1,Null+Null,WNV,Spleen,4,41.56921288
8056x8033,CC(056x033)/F1,Null+Null,WNV,Spleen,7,9.900107938
8056x8033,CC(056x033)/F1,Null+Null,WNV,Spleen,12,2.590683484
3393x8052,CC(057x052)/F1,Null+Null,WNV,Brain,2,1.357231116
3393x8052,CC(057x052)/F1,Null+Null,WNV,Brain,4,0.724694416
3393x8052,CC(057x052)/F1,Null+Null,WNV,Brain,7,229.9042496
3393x8052,CC(057x052)/F1,Null+Null,WNV,Brain,12,19608.91707
3393x8052,CC(057x052)/F1,Null+Null,WNV,Spleen,2,34.51404293
3393x8052,CC(057x052)/F1,Null+Null,WNV,Spleen,4,101.0163151
3393x8052,CC(057x052)/F1,Null+Null,WNV,Spleen,7,8.983153069
3393x8052,CC(057x052)/F1,Null+Null,WNV,Spleen,12,13.49689257
5358x8046,CC(058x022)/F1,Null+Functional,WNV,Brain,2,1.223205674
5358x8046,CC(058x022)/F1,Null+Functional,WNV,Brain,4,0.956019111
5358x8046,CC(058x022)/F1,Null+Functional,WNV,Brain,7,1.450170426
5358x8046,CC(058x022)/F1,Null+Functional,WNV,Brain,12,0.852044189
5358x8046,CC(058x022)/F1,Null+Functional,WNV,Spleen,2,17.48982862
5358x8046,CC(058x022)/F1,Null+Functional,WNV,Spleen,4,114.8282305
5358x8046,CC(058x022)/F1,Null+Functional,WNV,Spleen,7,19.461566
5358x8046,CC(058x022)/F1,Null+Functional,WNV,Spleen,12,3.2991889
16012x15119,CC(059x065)/F1,Null+Null,WNV,Brain,4,1.882811582
16012x15119,CC(059x065)/F1,Null+Null,WNV,Brain,7,102.4106705
16012x15119,CC(059x065)/F1,Null+Null,WNV,Brain,12,2175.468982
16012x15119,CC(059x065)/F1,Null+Null,WNV,Spleen,2,44.70748049
16012x15119,CC(059x065)/F1,Null+Null,WNV,Spleen,4,86.46902334
16012x15119,CC(059x065)/F1,Null+Null,WNV,Spleen,7,10.24844319
16012x15119,CC(059x065)/F1,Null+Null,WNV,Spleen,12,0.773484639
3460x16750,CC(060x006)/F1,Null+Null,WNV,Brain,4,0.922316248
3460x16750,CC(060x006)/F1,Null+Null,WNV,Brain,7,3166.973973
3460x16750,CC(060x006)/F1,Null+Null,WNV,Spleen,2,105.5659187
3460x16750,CC(060x006)/F1,Null+Null,WNV,Spleen,4,371.5583179
3460x16750,CC(060x006)/F1,Null+Null,WNV,Spleen,7,89.00274605
3460x16072,CC(060x037)/F1,Null+Null,WNV,Brain,4,0.657673956
3460x16072,CC(060x037)/F1,Null+Null,WNV,Brain,7,31.21858902
3460x16072,CC(060x037)/F1,Null+Null,WNV,Brain,12,1827.372688
3460x16072,CC(060x037)/F1,Null+Null,WNV,Spleen,2,1.821933167
3460x16072,CC(060x037)/F1,Null+Null,WNV,Spleen,4,131.8594801
3460x16072,CC(060x037)/F1,Null+Null,WNV,Spleen,7,17.07185631
3460x16072,CC(060x037)/F1,Null+Null,WNV,Spleen,12,1.244048297
8048x8008,CC(061x025)/F1,Null+Functional,WNV,Brain,4,1.099700778
8048x8008,CC(061x025)/F1,Null+Functional,WNV,Brain,7,10.71414003
8048x8008,CC(061x025)/F1,Null+Functional,WNV,Brain,12,2.405864805
8048x8008,CC(061x025)/F1,Null+Functional,WNV,Spleen,2,106.4886593
8048x8008,CC(061x025)/F1,Null+Functional,WNV,Spleen,4,100.5738236
8048x8008,CC(061x025)/F1,Null+Functional,WNV,Spleen,7,1.71964535
8048x8008,CC(061x025)/F1,Null+Functional,WNV,Spleen,12,1.224430663
8048x8026,CC(061x026)/F1,Null+Functional,WNV,Brain,4,1.156064543
8048x8026,CC(061x026)/F1,Null+Functional,WNV,Brain,7,0.695548077
8048x8026,CC(061x026)/F1,Null+Functional,WNV,Brain,12,8609.878311
8048x8026,CC(061x026)/F1,Null+Functional,WNV,Spleen,2,33.67381837
8048x8026,CC(061x026)/F1,Null+Functional,WNV,Spleen,4,11.89266279
8048x8026,CC(061x026)/F1,Null+Functional,WNV,Spleen,7,238.819614
8048x8026,CC(061x026)/F1,Null+Functional,WNV,Spleen,12,4.392710064
5306x16521,CC(062x072)/F1,Null+Null,WNV,Brain,4,0.474049942
5306x16521,CC(062x072)/F1,Null+Null,WNV,Brain,7,25.12991181
5306x16521,CC(062x072)/F1,Null+Null,WNV,Brain,12,2101.446356
5306x16521,CC(062x072)/F1,Null+Null,WNV,Spleen,2,16.2540858
5306x16521,CC(062x072)/F1,Null+Null,WNV,Spleen,4,73.81285369
5306x16521,CC(062x072)/F1,Null+Null,WNV,Spleen,7,11.72794033
5306x16521,CC(062x072)/F1,Null+Null,WNV,Spleen,12,1.580079787
5391x15156,CC(063x002)/F1,Null+Null,WNV,Brain,4,1.143490483
5391x15156,CC(063x002)/F1,Null+Null,WNV,Brain,7,11.99938591
5391x15156,CC(063x002)/F1,Null+Null,WNV,Spleen,2,1197.473442
5391x15156,CC(063x002)/F1,Null+Null,WNV,Spleen,4,163.6723266
5391x15156,CC(063x002)/F1,Null+Null,WNV,Spleen,7,53.77184561
15119x16521,CC(065x072)/F1,Null+Null,WNV,Brain,4,0.785525496
15119x16521,CC(065x072)/F1,Null+Null,WNV,Brain,7,0.754849289
15119x16521,CC(065x072)/F1,Null+Null,WNV,Brain,12,203.6670738
15119x16521,CC(065x072)/F1,Null+Null,WNV,Spleen,2,32.00246797
15119x16521,CC(065x072)/F1,Null+Null,WNV,Spleen,4,30.24121301
15119x16521,CC(065x072)/F1,Null+Null,WNV,Spleen,7,2.45037122
15119x16521,CC(065x072)/F1,Null+Null,WNV,Spleen,12,0.720964587
16768x5035,CC(068x035)/F1,Null+Null,WNV,Brain,4,1.401958978
16768x5035,CC(068x035)/F1,Null+Null,WNV,Brain,7,970.2561925
16768x5035,CC(068x035)/F1,Null+Null,WNV,Brain,12,2262.269201
16768x5035,CC(068x035)/F1,Null+Null,WNV,Spleen,2,1.729345071
16768x5035,CC(068x035)/F1,Null+Null,WNV,Spleen,4,17.54784477
16768x5035,CC(068x035)/F1,Null+Null,WNV,Spleen,7,4.17569819
16768x5035,CC(068x035)/F1,Null+Null,WNV,Spleen,12,3.979062814
16768x8021,CC(068x043)/F1,Null+Null,WNV,Brain,4,1.008197514
16768x8021,CC(068x043)/F1,Null+Null,WNV,Brain,7,49.08919931
16768x8021,CC(068x043)/F1,Null+Null,WNV,Brain,12,10.94095951
16768x8021,CC(068x043)/F1,Null+Null,WNV,Spleen,2,10.0367618
16768x8021,CC(068x043)/F1,Null+Null,WNV,Spleen,4,134.1052745
16768x8021,CC(068x043)/F1,Null+Null,WNV,Spleen,7,2.894315084
16768x8021,CC(068x043)/F1,Null+Null,WNV,Spleen,12,0.802181079
16034x13067,CC(070x003)/F1,Functional+Functional,WNV,Brain,4,0.760547899
16034x13067,CC(070x003)/F1,Functional+Functional,WNV,Brain,7,0.735206827
16034x13067,CC(070x003)/F1,Functional+Functional,WNV,Brain,12,3.794150322
16034x13067,CC(070x003)/F1,Functional+Functional,WNV,Spleen,2,12.53884718
16034x13067,CC(070x003)/F1,Functional+Functional,WNV,Spleen,4,36.41739601
16034x13067,CC(070x003)/F1,Functional+Functional,WNV,Spleen,7,2.804349647
16034x13067,CC(070x003)/F1,Functional+Functional,WNV,Spleen,12,0.783557542
16785x773,CC(071x053)/F1,Null+Functional,WNV,Brain,4,4.870639597
16785x773,CC(071x053)/F1,Null+Functional,WNV,Brain,7,2.704446698
16785x773,CC(071x053)/F1,Null+Functional,WNV,Brain,12,9.821882251
16785x773,CC(071x053)/F1,Null+Functional,WNV,Spleen,2,28.25301755
16785x773,CC(071x053)/F1,Null+Functional,WNV,Spleen,4,161.730161
16785x773,CC(071x053)/F1,Null+Functional,WNV,Spleen,7,15.32696283
16785x773,CC(071x053)/F1,Null+Functional,WNV,Spleen,12,2.395326517
16785x5358,CC(071x058)/F1,Null+Null,WNV,Brain,7,1501.72798
16785x5358,CC(071x058)/F1,Null+Null,WNV,Spleen,2,5.606971015
16785x5358,CC(071x058)/F1,Null+Null,WNV,Spleen,4,44.0308651
16785x5358,CC(071x058)/F1,Null+Null,WNV,Spleen,7,15.27276206
16785x5358,CC(071x058)/F1,Null+Null,WNV,Brain,4,0.247802987
16521x5391,CC(072x063)/F1,Null+Null,WNV,Brain,4,1.265658743
16521x5391,CC(072x063)/F1,Null+Null,WNV,Brain,7,0.906820055
16521x5391,CC(072x063)/F1,Null+Null,WNV,Brain,12,71.98707919
16521x5391,CC(072x063)/F1,Null+Null,WNV,Spleen,2,34.9877409
16521x5391,CC(072x063)/F1,Null+Null,WNV,Spleen,4,41.94551486
16521x5391,CC(072x063)/F1,Null+Null,WNV,Spleen,7,1.223582532
16521x5391,CC(072x063)/F1,Null+Null,WNV,Spleen,12,2.549514017
16521x3260,CC(072x075)/F1,Null+Null,WNV,Brain,4,1.140324339
16521x3260,CC(072x075)/F1,Null+Null,WNV,Brain,7,5.210580407
16521x3260,CC(072x075)/F1,Null+Null,WNV,Brain,12,299.0918331
16521x3260,CC(072x075)/F1,Null+Null,WNV,Spleen,2,16.25211131
16521x3260,CC(072x075)/F1,Null+Null,WNV,Spleen,4,33.45151393
16521x3260,CC(072x075)/F1,Null+Null,WNV,Spleen,7,1.143402299
16521x3260,CC(072x075)/F1,Null+Null,WNV,Spleen,12,0.629402575
3015x5358,CC(074x058)/F1,Null+Null,WNV,Brain,4,0.851650518
3015x5358,CC(074x058)/F1,Null+Null,WNV,Brain,7,1.231998401
3015x5358,CC(074x058)/F1,Null+Null,WNV,Brain,12,226.0416719
3015x5358,CC(074x058)/F1,Null+Null,WNV,Spleen,2,7.499991506
3015x5358,CC(074x058)/F1,Null+Null,WNV,Spleen,4,15.34468099
3015x5358,CC(074x058)/F1,Null+Null,WNV,Spleen,7,3.396386339
3015x5358,CC(074x058)/F1,Null+Null,WNV,Spleen,12,1.738153505
3015x5306,CC(074x062)/F1,Null+Null,WNV,Brain,7,441.7718863
3015x5306,CC(074x062)/F1,Null+Null,WNV,Spleen,2,9.308700767
3015x5306,CC(074x062)/F1,Null+Null,WNV,Spleen,4,21.95113119
3015x5306,CC(074x062)/F1,Null+Null,WNV,Spleen,7,7.322914106
3015x5306,CC(074x062)/F1,Null+Null,WNV,Brain,4,1.304495667
3260x1566,CC(075x021)/F1,Null+Null,WNV,Brain,4,0.682297767
3260x1566,CC(075x021)/F1,Null+Null,WNV,Brain,7,5.49453191
3260x1566,CC(075x021)/F1,Null+Null,WNV,Brain,12,41.9678692
3260x1566,CC(075x021)/F1,Null+Null,WNV,Spleen,2,42.03604727
3260x1566,CC(075x021)/F1,Null+Null,WNV,Spleen,4,70.57082154
3260x1566,CC(075x021)/F1,Null+Null,WNV,Spleen,7,2.014686663
3260x1566,CC(075x021)/F1,Null+Null,WNV,Spleen,12,0.896818723
3260x5035,CC(075x035)/F1,Null+Null,WNV,Brain,4,2.693635861
3260x5035,CC(075x035)/F1,Null+Null,WNV,Brain,7,620.0419502
3260x5035,CC(075x035)/F1,Null+Null,WNV,Brain,12,3202.536487
3260x5035,CC(075x035)/F1,Null+Null,WNV,Spleen,2,20.41182689
3260x5035,CC(075x035)/F1,Null+Null,WNV,Spleen,4,77.9182716
3260x5035,CC(075x035)/F1,Null+Null,WNV,Spleen,7,3.134954477
3260x5035,CC(075x035)/F1,Null+Null,WNV,Spleen,12,1.285354491
