ID,Outcome,Oas1b_status,Tissue,UNC_ID,Experiment,Timepoint,fc.mean
CC(001x055)/F1_SP_IFITM1_12,Symptomatic,Null+Null,Spleen,CC(001x055)/F1,IFITM1,12,1.196879732
CC(001x055)/F1_SP_IFITM1_2,Symptomatic,Null+Null,Spleen,CC(001x055)/F1,IFITM1,2,0.908078422
CC(001x055)/F1_SP_IFITM1_4,Symptomatic,Null+Null,Spleen,CC(001x055)/F1,IFITM1,4,0.940102207
CC(001x055)/F1_SP_IFITM1_7,Symptomatic,Null+Null,Spleen,CC(001x055)/F1,IFITM1,7,0.72637047
CC(001x055)/F1_SP_IFNb1_12,Symptomatic,Null+Null,Spleen,CC(001x055)/F1,IFNb1,12,1.014116432
CC(001x055)/F1_SP_IFNb1_2,Symptomatic,Null+Null,Spleen,CC(001x055)/F1,IFNb1,2,3.579551133
CC(001x055)/F1_SP_IFNb1_4,Symptomatic,Null+Null,Spleen,CC(001x055)/F1,IFNb1,4,1.351391115
CC(001x055)/F1_SP_IFNb1_7,Symptomatic,Null+Null,Spleen,CC(001x055)/F1,IFNb1,7,0.504059808
CC(002x011)/F1_SP_IFITM1_12,Symptomatic,Null+Null,Spleen,CC(002x011)/F1,IFITM1,12,0.863306649
CC(002x011)/F1_SP_IFITM1_2,Symptomatic,Null+Null,Spleen,CC(002x011)/F1,IFITM1,2,1.162583317
CC(002x011)/F1_SP_IFITM1_4,Symptomatic,Null+Null,Spleen,CC(002x011)/F1,IFITM1,4,0.883519178
CC(002x011)/F1_SP_IFITM1_7,Symptomatic,Null+Null,Spleen,CC(002x011)/F1,IFITM1,7,1.338237208
CC(002x011)/F1_SP_IFNb1_12,Symptomatic,Null+Null,Spleen,CC(002x011)/F1,IFNb1,12,0.518510228
CC(002x011)/F1_SP_IFNb1_2,Symptomatic,Null+Null,Spleen,CC(002x011)/F1,IFNb1,2,4.653555296
CC(002x011)/F1_SP_IFNb1_4,Symptomatic,Null+Null,Spleen,CC(002x011)/F1,IFNb1,4,0.580664892
CC(002x011)/F1_SP_IFNb1_7,Symptomatic,Null+Null,Spleen,CC(002x011)/F1,IFNb1,7,0.452956411
CC(002x021)/F1_SP_IFITM1_12,Symptomatic,Null+Null,Spleen,CC(002x021)/F1,IFITM1,12,0.809753978
CC(002x021)/F1_SP_IFITM1_2,Symptomatic,Null+Null,Spleen,CC(002x021)/F1,IFITM1,2,11.8899164
CC(002x021)/F1_SP_IFITM1_4,Symptomatic,Null+Null,Spleen,CC(002x021)/F1,IFITM1,4,7.375688758
CC(002x021)/F1_SP_IFITM1_7,Symptomatic,Null+Null,Spleen,CC(002x021)/F1,IFITM1,7,3.826137946
CC(002x021)/F1_SP_IFNb1_12,Symptomatic,Null+Null,Spleen,CC(002x021)/F1,IFNb1,12,4.8678266
CC(002x021)/F1_SP_IFNb1_2,Symptomatic,Null+Null,Spleen,CC(002x021)/F1,IFNb1,2,2.339535665
CC(002x021)/F1_SP_IFNb1_4,Symptomatic,Null+Null,Spleen,CC(002x021)/F1,IFNb1,4,2.764251512
CC(002x021)/F1_SP_IFNb1_7,Symptomatic,Null+Null,Spleen,CC(002x021)/F1,IFNb1,7,1.208410907
CC(003x062)/F1_SP_IFITM1_12,Asymptomatic,Functional+Null,Spleen,CC(003x062)/F1,IFITM1,12,1.774265321
CC(003x062)/F1_SP_IFITM1_2,Asymptomatic,Functional+Null,Spleen,CC(003x062)/F1,IFITM1,2,1.454084508
CC(003x062)/F1_SP_IFITM1_4,Asymptomatic,Functional+Null,Spleen,CC(003x062)/F1,IFITM1,4,1.149495187
CC(003x062)/F1_SP_IFITM1_7,Asymptomatic,Functional+Null,Spleen,CC(003x062)/F1,IFITM1,7,0.905703384
CC(003x062)/F1_SP_IFNb1_12,Asymptomatic,Functional+Null,Spleen,CC(003x062)/F1,IFNb1,12,0.388323933
CC(003x062)/F1_SP_IFNb1_2,Asymptomatic,Functional+Null,Spleen,CC(003x062)/F1,IFNb1,2,0.762424238
CC(003x062)/F1_SP_IFNb1_4,Asymptomatic,Functional+Null,Spleen,CC(003x062)/F1,IFNb1,4,0.498270202
CC(003x062)/F1_SP_IFNb1_7,Asymptomatic,Functional+Null,Spleen,CC(003x062)/F1,IFNb1,7,0.558600346
CC(005x038)/F1_SP_IFITM1_12,Asymptomatic,Null+Functional,Spleen,CC(005x038)/F1,IFITM1,12,0.495324087
CC(005x038)/F1_SP_IFITM1_2,Asymptomatic,Null+Functional,Spleen,CC(005x038)/F1,IFITM1,2,0.61680598
CC(005x038)/F1_SP_IFITM1_4,Asymptomatic,Null+Functional,Spleen,CC(005x038)/F1,IFITM1,4,0.922103154
CC(005x038)/F1_SP_IFITM1_7,Asymptomatic,Null+Functional,Spleen,CC(005x038)/F1,IFITM1,7,0.41262088
CC(005x038)/F1_SP_IFNb1_12,Asymptomatic,Null+Functional,Spleen,CC(005x038)/F1,IFNb1,12,0.122720198
CC(005x038)/F1_SP_IFNb1_2,Asymptomatic,Null+Functional,Spleen,CC(005x038)/F1,IFNb1,2,0.899032047
CC(005x038)/F1_SP_IFNb1_4,Asymptomatic,Null+Functional,Spleen,CC(005x038)/F1,IFNb1,4,0.650620753
CC(005x038)/F1_SP_IFNb1_7,Asymptomatic,Null+Functional,Spleen,CC(005x038)/F1,IFNb1,7,0.044776616
CC(005x040)/F1_SP_IFITM1_12,Symptomatic,Null+Null,Spleen,CC(005x040)/F1,IFITM1,12,1.122548617
CC(005x040)/F1_SP_IFITM1_2,Symptomatic,Null+Null,Spleen,CC(005x040)/F1,IFITM1,2,0.592044529
CC(005x040)/F1_SP_IFITM1_4,Symptomatic,Null+Null,Spleen,CC(005x040)/F1,IFITM1,4,1.068065213
CC(005x040)/F1_SP_IFITM1_7,Symptomatic,Null+Null,Spleen,CC(005x040)/F1,IFITM1,7,1.015365948
CC(005x040)/F1_SP_IFNb1_12,Symptomatic,Null+Null,Spleen,CC(005x040)/F1,IFNb1,12,0.420545371
CC(005x040)/F1_SP_IFNb1_2,Symptomatic,Null+Null,Spleen,CC(005x040)/F1,IFNb1,2,24.6070474
CC(005x040)/F1_SP_IFNb1_4,Symptomatic,Null+Null,Spleen,CC(005x040)/F1,IFNb1,4,2.488022035
CC(005x040)/F1_SP_IFNb1_7,Symptomatic,Null+Null,Spleen,CC(005x040)/F1,IFNb1,7,0.296592725
CC(006x007)/F1_SP_IFITM1_12,Symptomatic,Null+Null,Spleen,CC(006x007)/F1,IFITM1,12,0.963707152
CC(006x007)/F1_SP_IFITM1_2,Symptomatic,Null+Null,Spleen,CC(006x007)/F1,IFITM1,2,0.867004292
CC(006x007)/F1_SP_IFITM1_4,Symptomatic,Null+Null,Spleen,CC(006x007)/F1,IFITM1,4,0.819415233
CC(006x007)/F1_SP_IFITM1_7,Symptomatic,Null+Null,Spleen,CC(006x007)/F1,IFITM1,7,0.780125365
CC(006x007)/F1_SP_IFNb1_12,Symptomatic,Null+Null,Spleen,CC(006x007)/F1,IFNb1,12,1.400772215
CC(006x007)/F1_SP_IFNb1_2,Symptomatic,Null+Null,Spleen,CC(006x007)/F1,IFNb1,2,2.604287315
CC(006x007)/F1_SP_IFNb1_4,Symptomatic,Null+Null,Spleen,CC(006x007)/F1,IFNb1,4,1.464198483
CC(006x007)/F1_SP_IFNb1_7,Symptomatic,Null+Null,Spleen,CC(006x007)/F1,IFNb1,7,0.745470168
CC(006x039)/F1_SP_IFITM1_12,Asymptomatic,Null+Functional,Spleen,CC(006x039)/F1,IFITM1,12,0.816517893
CC(006x039)/F1_SP_IFITM1_2,Asymptomatic,Null+Functional,Spleen,CC(006x039)/F1,IFITM1,2,0.822323578
CC(006x039)/F1_SP_IFITM1_4,Asymptomatic,Null+Functional,Spleen,CC(006x039)/F1,IFITM1,4,0.806890814
CC(006x039)/F1_SP_IFITM1_7,Asymptomatic,Null+Functional,Spleen,CC(006x039)/F1,IFITM1,7,0.640084211
CC(006x039)/F1_SP_IFNb1_12,Asymptomatic,Null+Functional,Spleen,CC(006x039)/F1,IFNb1,12,0.81834332
CC(006x039)/F1_SP_IFNb1_2,Asymptomatic,Null+Functional,Spleen,CC(006x039)/F1,IFNb1,2,2.017636794
CC(006x039)/F1_SP_IFNb1_4,Asymptomatic,Null+Functional,Spleen,CC(006x039)/F1,IFNb1,4,2.336654946
CC(006x039)/F1_SP_IFNb1_7,Asymptomatic,Null+Functional,Spleen,CC(006x039)/F1,IFNb1,7,0.512159999
CC(007x070)/F1_SP_IFITM1_12,Asymptomatic,Null+Functional,Spleen,CC(007x070)/F1,IFITM1,12,0.710764919
CC(007x070)/F1_SP_IFITM1_2,Asymptomatic,Null+Functional,Spleen,CC(007x070)/F1,IFITM1,2,0.865070193
CC(007x070)/F1_SP_IFITM1_4,Asymptomatic,Null+Functional,Spleen,CC(007x070)/F1,IFITM1,4,0.884472583
CC(007x070)/F1_SP_IFITM1_7,Asymptomatic,Null+Functional,Spleen,CC(007x070)/F1,IFITM1,7,0.735150453
CC(007x070)/F1_SP_IFNb1_12,Asymptomatic,Null+Functional,Spleen,CC(007x070)/F1,IFNb1,12,0.716756815
CC(007x070)/F1_SP_IFNb1_2,Asymptomatic,Null+Functional,Spleen,CC(007x070)/F1,IFNb1,2,0.746388843
CC(007x070)/F1_SP_IFNb1_4,Asymptomatic,Null+Functional,Spleen,CC(007x070)/F1,IFNb1,4,1.224430842
CC(007x070)/F1_SP_IFNb1_7,Asymptomatic,Null+Functional,Spleen,CC(007x070)/F1,IFNb1,7,1.114622659
CC(007x075)/F1_SP_IFITM1_12,Symptomatic,Null+Null,Spleen,CC(007x075)/F1,IFITM1,12,0.692554659
CC(007x075)/F1_SP_IFITM1_2,Symptomatic,Null+Null,Spleen,CC(007x075)/F1,IFITM1,2,0.565744372
CC(007x075)/F1_SP_IFITM1_4,Symptomatic,Null+Null,Spleen,CC(007x075)/F1,IFITM1,4,0.448098892
CC(007x075)/F1_SP_IFITM1_7,Symptomatic,Null+Null,Spleen,CC(007x075)/F1,IFITM1,7,0.351896219
CC(007x075)/F1_SP_IFNb1_12,Symptomatic,Null+Null,Spleen,CC(007x075)/F1,IFNb1,12,0.760577394
CC(007x075)/F1_SP_IFNb1_2,Symptomatic,Null+Null,Spleen,CC(007x075)/F1,IFNb1,2,0.878431075
CC(007x075)/F1_SP_IFNb1_4,Symptomatic,Null+Null,Spleen,CC(007x075)/F1,IFNb1,4,0.511647907
CC(007x075)/F1_SP_IFNb1_7,Symptomatic,Null+Null,Spleen,CC(007x075)/F1,IFNb1,7,0.237701444
CC(008x009)/F1_SP_IFITM1_12,Asymptomatic,Functional+Null,Spleen,CC(008x009)/F1,IFITM1,12,0.807885418
CC(008x009)/F1_SP_IFITM1_2,Asymptomatic,Functional+Null,Spleen,CC(008x009)/F1,IFITM1,2,1.128008634
CC(008x009)/F1_SP_IFITM1_4,Asymptomatic,Functional+Null,Spleen,CC(008x009)/F1,IFITM1,4,0.667779936
CC(008x009)/F1_SP_IFITM1_7,Asymptomatic,Functional+Null,Spleen,CC(008x009)/F1,IFITM1,7,0.705203299
CC(008x009)/F1_SP_IFNb1_12,Asymptomatic,Functional+Null,Spleen,CC(008x009)/F1,IFNb1,12,0.861413572
CC(008x009)/F1_SP_IFNb1_2,Asymptomatic,Functional+Null,Spleen,CC(008x009)/F1,IFNb1,2,2.997537823
CC(008x009)/F1_SP_IFNb1_4,Asymptomatic,Functional+Null,Spleen,CC(008x009)/F1,IFNb1,4,1.254306097
CC(008x009)/F1_SP_IFNb1_7,Asymptomatic,Functional+Null,Spleen,CC(008x009)/F1,IFNb1,7,1.075660106
CC(008x010)/F1_SP_IFITM1_12,Asymptomatic,Functional+Null,Spleen,CC(008x010)/F1,IFITM1,12,0.282523853
CC(008x010)/F1_SP_IFITM1_2,Asymptomatic,Functional+Null,Spleen,CC(008x010)/F1,IFITM1,2,1.369727589
CC(008x010)/F1_SP_IFITM1_4,Asymptomatic,Functional+Null,Spleen,CC(008x010)/F1,IFITM1,4,1.155442142
CC(008x010)/F1_SP_IFITM1_7,Asymptomatic,Functional+Null,Spleen,CC(008x010)/F1,IFITM1,7,0.813191323
CC(008x010)/F1_SP_IFNb1_12,Asymptomatic,Functional+Null,Spleen,CC(008x010)/F1,IFNb1,12,1.784544689
CC(008x010)/F1_SP_IFNb1_2,Asymptomatic,Functional+Null,Spleen,CC(008x010)/F1,IFNb1,2,0.931382088
CC(008x010)/F1_SP_IFNb1_4,Asymptomatic,Functional+Null,Spleen,CC(008x010)/F1,IFNb1,4,0.675643449
CC(008x010)/F1_SP_IFNb1_7,Asymptomatic,Functional+Null,Spleen,CC(008x010)/F1,IFNb1,7,0.987068962
CC(008x018)/F1_SP_IFITM1_12,Asymptomatic,Functional+Null,Spleen,CC(008x018)/F1,IFITM1,12,0.493458363
CC(008x018)/F1_SP_IFITM1_2,Asymptomatic,Functional+Null,Spleen,CC(008x018)/F1,IFITM1,2,0.842387573
CC(008x018)/F1_SP_IFITM1_4,Asymptomatic,Functional+Null,Spleen,CC(008x018)/F1,IFITM1,4,0.525424451
CC(008x018)/F1_SP_IFITM1_7,Asymptomatic,Functional+Null,Spleen,CC(008x018)/F1,IFITM1,7,1.490251037
CC(008x018)/F1_SP_IFNb1_12,Asymptomatic,Functional+Null,Spleen,CC(008x018)/F1,IFNb1,12,7.426987371
CC(008x018)/F1_SP_IFNb1_2,Asymptomatic,Functional+Null,Spleen,CC(008x018)/F1,IFNb1,2,2.599679228
CC(008x018)/F1_SP_IFNb1_4,Asymptomatic,Functional+Null,Spleen,CC(008x018)/F1,IFNb1,4,1.426465041
CC(008x018)/F1_SP_IFNb1_7,Asymptomatic,Functional+Null,Spleen,CC(008x018)/F1,IFNb1,7,3.646609571
CC(009x040)/F1_SP_IFITM1_12,Symptomatic,Null+Null,Spleen,CC(009x040)/F1,IFITM1,12,3.564692782
CC(009x040)/F1_SP_IFITM1_2,Symptomatic,Null+Null,Spleen,CC(009x040)/F1,IFITM1,2,0.947807594
CC(009x040)/F1_SP_IFITM1_4,Symptomatic,Null+Null,Spleen,CC(009x040)/F1,IFITM1,4,1.118922748
CC(009x040)/F1_SP_IFITM1_7,Symptomatic,Null+Null,Spleen,CC(009x040)/F1,IFITM1,7,0.682809721
CC(009x040)/F1_SP_IFNb1_12,Symptomatic,Null+Null,Spleen,CC(009x040)/F1,IFNb1,12,1.079436077
CC(009x040)/F1_SP_IFNb1_2,Symptomatic,Null+Null,Spleen,CC(009x040)/F1,IFNb1,2,1.337103208
CC(009x040)/F1_SP_IFNb1_4,Symptomatic,Null+Null,Spleen,CC(009x040)/F1,IFNb1,4,0.992098502
CC(009x040)/F1_SP_IFNb1_7,Symptomatic,Null+Null,Spleen,CC(009x040)/F1,IFNb1,7,0.036364302
CC(010x060)/F1_SP_IFITM1_12,Symptomatic,Null+Null,Spleen,CC(010x060)/F1,IFITM1,12,1.083788903
CC(010x060)/F1_SP_IFITM1_2,Symptomatic,Null+Null,Spleen,CC(010x060)/F1,IFITM1,2,0.891636413
CC(010x060)/F1_SP_IFITM1_4,Symptomatic,Null+Null,Spleen,CC(010x060)/F1,IFITM1,4,0.804578593
CC(010x060)/F1_SP_IFITM1_7,Symptomatic,Null+Null,Spleen,CC(010x060)/F1,IFITM1,7,0.824844782
CC(010x060)/F1_SP_IFNb1_12,Symptomatic,Null+Null,Spleen,CC(010x060)/F1,IFNb1,12,1.186530939
CC(010x060)/F1_SP_IFNb1_2,Symptomatic,Null+Null,Spleen,CC(010x060)/F1,IFNb1,2,5.024663988
CC(010x060)/F1_SP_IFNb1_4,Symptomatic,Null+Null,Spleen,CC(010x060)/F1,IFNb1,4,1.322585074
CC(010x060)/F1_SP_IFNb1_7,Symptomatic,Null+Null,Spleen,CC(010x060)/F1,IFNb1,7,0.498203069
CC(011x032)/F1_SP_IFITM1_12,Symptomatic,Null+Null,Spleen,CC(011x032)/F1,IFITM1,12,1.993387661
CC(011x032)/F1_SP_IFITM1_2,Symptomatic,Null+Null,Spleen,CC(011x032)/F1,IFITM1,2,1.26595179
CC(011x032)/F1_SP_IFITM1_4,Symptomatic,Null+Null,Spleen,CC(011x032)/F1,IFITM1,4,0.95830421
CC(011x032)/F1_SP_IFITM1_7,Symptomatic,Null+Null,Spleen,CC(011x032)/F1,IFITM1,7,2.017792699
CC(011x032)/F1_SP_IFNb1_12,Symptomatic,Null+Null,Spleen,CC(011x032)/F1,IFNb1,12,0.866136383
CC(011x032)/F1_SP_IFNb1_2,Symptomatic,Null+Null,Spleen,CC(011x032)/F1,IFNb1,2,1.175547768
CC(011x032)/F1_SP_IFNb1_4,Symptomatic,Null+Null,Spleen,CC(011x032)/F1,IFNb1,4,0.517831676
CC(011x032)/F1_SP_IFNb1_7,Symptomatic,Null+Null,Spleen,CC(011x032)/F1,IFNb1,7,0.022982292
CC(012x038)/F1_SP_IFITM1_12,Asymptomatic,Functional+Functional,Spleen,CC(012x038)/F1,IFITM1,12,0.771461739
CC(012x038)/F1_SP_IFITM1_2,Asymptomatic,Functional+Functional,Spleen,CC(012x038)/F1,IFITM1,2,0.899724731
CC(012x038)/F1_SP_IFITM1_4,Asymptomatic,Functional+Functional,Spleen,CC(012x038)/F1,IFITM1,4,1.051334342
CC(012x038)/F1_SP_IFITM1_7,Asymptomatic,Functional+Functional,Spleen,CC(012x038)/F1,IFITM1,7,0.851519043
CC(012x038)/F1_SP_IFNb1_12,Asymptomatic,Functional+Functional,Spleen,CC(012x038)/F1,IFNb1,12,0.858565214
CC(012x038)/F1_SP_IFNb1_2,Asymptomatic,Functional+Functional,Spleen,CC(012x038)/F1,IFNb1,2,0.777905441
CC(012x038)/F1_SP_IFNb1_4,Asymptomatic,Functional+Functional,Spleen,CC(012x038)/F1,IFNb1,4,1.025187823
CC(012x038)/F1_SP_IFNb1_7,Asymptomatic,Functional+Functional,Spleen,CC(012x038)/F1,IFNb1,7,1.687630858
CC(013x041)/F1_SP_IFITM1_12,Asymptomatic,Null+Functional,Spleen,CC(013x041)/F1,IFITM1,12,0.917922519
CC(013x041)/F1_SP_IFITM1_2,Asymptomatic,Null+Functional,Spleen,CC(013x041)/F1,IFITM1,2,1.206179354
CC(013x041)/F1_SP_IFITM1_4,Asymptomatic,Null+Functional,Spleen,CC(013x041)/F1,IFITM1,4,0.970784116
CC(013x041)/F1_SP_IFITM1_7,Asymptomatic,Null+Functional,Spleen,CC(013x041)/F1,IFITM1,7,0.835602677
CC(013x041)/F1_SP_IFNb1_12,Asymptomatic,Null+Functional,Spleen,CC(013x041)/F1,IFNb1,12,1.328276834
CC(013x041)/F1_SP_IFNb1_2,Asymptomatic,Null+Functional,Spleen,CC(013x041)/F1,IFNb1,2,1.558209469
CC(013x041)/F1_SP_IFNb1_4,Asymptomatic,Null+Functional,Spleen,CC(013x041)/F1,IFNb1,4,0.683493727
CC(013x041)/F1_SP_IFNb1_7,Asymptomatic,Null+Functional,Spleen,CC(013x041)/F1,IFNb1,7,0.468532961
CC(015x018)/F1_SP_IFITM1_12,Symptomatic,Null+Null,Spleen,CC(015x018)/F1,IFITM1,12,1.508437564
CC(015x018)/F1_SP_IFITM1_2,Symptomatic,Null+Null,Spleen,CC(015x018)/F1,IFITM1,2,1.324904961
CC(015x018)/F1_SP_IFITM1_4,Symptomatic,Null+Null,Spleen,CC(015x018)/F1,IFITM1,4,1.124278586
CC(015x018)/F1_SP_IFITM1_7,Symptomatic,Null+Null,Spleen,CC(015x018)/F1,IFITM1,7,1.518520325
CC(015x018)/F1_SP_IFNb1_12,Symptomatic,Null+Null,Spleen,CC(015x018)/F1,IFNb1,12,0.155142602
CC(015x018)/F1_SP_IFNb1_2,Symptomatic,Null+Null,Spleen,CC(015x018)/F1,IFNb1,2,0.236660078
CC(015x018)/F1_SP_IFNb1_4,Symptomatic,Null+Null,Spleen,CC(015x018)/F1,IFNb1,4,0.112214688
CC(015x018)/F1_SP_IFNb1_7,Symptomatic,Null+Null,Spleen,CC(015x018)/F1,IFNb1,7,0.06785823
CC(015x059)/F1_SP_IFITM1_12,Symptomatic,Null+Null,Spleen,CC(015x059)/F1,IFITM1,12,0.468496622
CC(015x059)/F1_SP_IFITM1_2,Symptomatic,Null+Null,Spleen,CC(015x059)/F1,IFITM1,2,0.786520107
CC(015x059)/F1_SP_IFITM1_4,Symptomatic,Null+Null,Spleen,CC(015x059)/F1,IFITM1,4,0.620140327
CC(015x059)/F1_SP_IFITM1_7,Symptomatic,Null+Null,Spleen,CC(015x059)/F1,IFITM1,7,0.791380938
CC(015x059)/F1_SP_IFNb1_12,Symptomatic,Null+Null,Spleen,CC(015x059)/F1,IFNb1,12,0.301104149
CC(015x059)/F1_SP_IFNb1_2,Symptomatic,Null+Null,Spleen,CC(015x059)/F1,IFNb1,2,3.358150502
CC(015x059)/F1_SP_IFNb1_4,Symptomatic,Null+Null,Spleen,CC(015x059)/F1,IFNb1,4,1.187102207
CC(015x059)/F1_SP_IFNb1_7,Symptomatic,Null+Null,Spleen,CC(015x059)/F1,IFNb1,7,2.34747713
CC(016x038)/F1_SP_IFITM1_12,Symptomatic,Null+Functional,Spleen,CC(016x038)/F1,IFITM1,12,0.742833306
CC(016x038)/F1_SP_IFITM1_2,Symptomatic,Null+Functional,Spleen,CC(016x038)/F1,IFITM1,2,0.921463896
CC(016x038)/F1_SP_IFITM1_4,Symptomatic,Null+Functional,Spleen,CC(016x038)/F1,IFITM1,4,0.675799191
CC(016x038)/F1_SP_IFITM1_7,Symptomatic,Null+Functional,Spleen,CC(016x038)/F1,IFITM1,7,0.685866347
CC(016x038)/F1_SP_IFNb1_12,Symptomatic,Null+Functional,Spleen,CC(016x038)/F1,IFNb1,12,0.815700404
CC(016x038)/F1_SP_IFNb1_2,Symptomatic,Null+Functional,Spleen,CC(016x038)/F1,IFNb1,2,2.413286977
CC(016x038)/F1_SP_IFNb1_4,Symptomatic,Null+Functional,Spleen,CC(016x038)/F1,IFNb1,4,4.812100003
CC(016x038)/F1_SP_IFNb1_7,Symptomatic,Null+Functional,Spleen,CC(016x038)/F1,IFNb1,7,0.916651049
CC(016x061)/F1_SP_IFITM1_2,Symptomatic,Null+Null,Spleen,CC(016x061)/F1,IFITM1,2,0.903126513
CC(016x061)/F1_SP_IFITM1_4,Symptomatic,Null+Null,Spleen,CC(016x061)/F1,IFITM1,4,0.86580297
CC(016x061)/F1_SP_IFITM1_7,Symptomatic,Null+Null,Spleen,CC(016x061)/F1,IFITM1,7,0.76826027
CC(016x061)/F1_SP_IFNb1_2,Symptomatic,Null+Null,Spleen,CC(016x061)/F1,IFNb1,2,1.536874721
CC(016x061)/F1_SP_IFNb1_4,Symptomatic,Null+Null,Spleen,CC(016x061)/F1,IFNb1,4,0.811751847
CC(016x061)/F1_SP_IFNb1_7,Symptomatic,Null+Null,Spleen,CC(016x061)/F1,IFNb1,7,0.353063559
CC(017x004)/F1_SP_IFITM1_12,Asymptomatic,Functional+Functional,Spleen,CC(017x004)/F1,IFITM1,12,0.629669417
CC(017x004)/F1_SP_IFITM1_2,Asymptomatic,Functional+Functional,Spleen,CC(017x004)/F1,IFITM1,2,0.811502248
CC(017x004)/F1_SP_IFITM1_4,Asymptomatic,Functional+Functional,Spleen,CC(017x004)/F1,IFITM1,4,1.0236895
CC(017x004)/F1_SP_IFITM1_7,Asymptomatic,Functional+Functional,Spleen,CC(017x004)/F1,IFITM1,7,0.80751209
CC(017x004)/F1_SP_IFNb1_12,Asymptomatic,Functional+Functional,Spleen,CC(017x004)/F1,IFNb1,12,0.443822706
CC(017x004)/F1_SP_IFNb1_2,Asymptomatic,Functional+Functional,Spleen,CC(017x004)/F1,IFNb1,2,0.819573233
CC(017x004)/F1_SP_IFNb1_4,Asymptomatic,Functional+Functional,Spleen,CC(017x004)/F1,IFNb1,4,0.707025402
CC(017x004)/F1_SP_IFNb1_7,Asymptomatic,Functional+Functional,Spleen,CC(017x004)/F1,IFNb1,7,0.335113707
CC(018x065)/F1_SP_IFITM1_12,Symptomatic,Null+Null,Spleen,CC(018x065)/F1,IFITM1,12,0.529792636
CC(018x065)/F1_SP_IFITM1_2,Symptomatic,Null+Null,Spleen,CC(018x065)/F1,IFITM1,2,0.852503535
CC(018x065)/F1_SP_IFITM1_4,Symptomatic,Null+Null,Spleen,CC(018x065)/F1,IFITM1,4,1.078148339
CC(018x065)/F1_SP_IFITM1_7,Symptomatic,Null+Null,Spleen,CC(018x065)/F1,IFITM1,7,1.327867536
CC(018x065)/F1_SP_IFNb1_12,Symptomatic,Null+Null,Spleen,CC(018x065)/F1,IFNb1,12,0.105529839
CC(018x065)/F1_SP_IFNb1_2,Symptomatic,Null+Null,Spleen,CC(018x065)/F1,IFNb1,2,2.292802998
CC(018x065)/F1_SP_IFNb1_4,Symptomatic,Null+Null,Spleen,CC(018x065)/F1,IFNb1,4,0.664496754
CC(018x065)/F1_SP_IFNb1_7,Symptomatic,Null+Null,Spleen,CC(018x065)/F1,IFNb1,7,1.093957473
CC(019x002)/F1_SP_IFITM1_12,Asymptomatic,Functional+Null,Spleen,CC(019x002)/F1,IFITM1,12,0.795597764
CC(019x002)/F1_SP_IFITM1_2,Asymptomatic,Functional+Null,Spleen,CC(019x002)/F1,IFITM1,2,0.73724815
CC(019x002)/F1_SP_IFITM1_4,Asymptomatic,Functional+Null,Spleen,CC(019x002)/F1,IFITM1,4,0.178212002
CC(019x002)/F1_SP_IFITM1_7,Asymptomatic,Functional+Null,Spleen,CC(019x002)/F1,IFITM1,7,0.402855145
CC(019x002)/F1_SP_IFNb1_12,Asymptomatic,Functional+Null,Spleen,CC(019x002)/F1,IFNb1,12,1.620381554
CC(019x002)/F1_SP_IFNb1_2,Asymptomatic,Functional+Null,Spleen,CC(019x002)/F1,IFNb1,2,13.97393792
CC(019x002)/F1_SP_IFNb1_4,Asymptomatic,Functional+Null,Spleen,CC(019x002)/F1,IFNb1,4,0.493382112
CC(019x002)/F1_SP_IFNb1_7,Asymptomatic,Functional+Null,Spleen,CC(019x002)/F1,IFNb1,7,2.518289768
CC(019x004)/F1_SP_IFITM1_12,Asymptomatic,Functional+Functional,Spleen,CC(019x004)/F1,IFITM1,12,0.774259365
CC(019x004)/F1_SP_IFITM1_2,Asymptomatic,Functional+Functional,Spleen,CC(019x004)/F1,IFITM1,2,1.246120911
CC(019x004)/F1_SP_IFITM1_4,Asymptomatic,Functional+Functional,Spleen,CC(019x004)/F1,IFITM1,4,0.065926399
CC(019x004)/F1_SP_IFITM1_7,Asymptomatic,Functional+Functional,Spleen,CC(019x004)/F1,IFITM1,7,0.926873143
CC(019x004)/F1_SP_IFNb1_12,Asymptomatic,Functional+Functional,Spleen,CC(019x004)/F1,IFNb1,12,1.125838548
CC(019x004)/F1_SP_IFNb1_2,Asymptomatic,Functional+Functional,Spleen,CC(019x004)/F1,IFNb1,2,1.512684336
CC(019x004)/F1_SP_IFNb1_4,Asymptomatic,Functional+Functional,Spleen,CC(019x004)/F1,IFNb1,4,0.046746417
CC(019x004)/F1_SP_IFNb1_7,Asymptomatic,Functional+Functional,Spleen,CC(019x004)/F1,IFNb1,7,0.12824727
CC(019x027)/F1_SP_IFITM1_12,Asymptomatic,Functional+Null,Spleen,CC(019x027)/F1,IFITM1,12,0.928874327
CC(019x027)/F1_SP_IFITM1_2,Asymptomatic,Functional+Null,Spleen,CC(019x027)/F1,IFITM1,2,0.959633597
CC(019x027)/F1_SP_IFITM1_4,Asymptomatic,Functional+Null,Spleen,CC(019x027)/F1,IFITM1,4,0.66214631
CC(019x027)/F1_SP_IFITM1_7,Asymptomatic,Functional+Null,Spleen,CC(019x027)/F1,IFITM1,7,0.653885899
CC(019x027)/F1_SP_IFNb1_12,Asymptomatic,Functional+Null,Spleen,CC(019x027)/F1,IFNb1,12,3.942805118
CC(019x027)/F1_SP_IFNb1_2,Asymptomatic,Functional+Null,Spleen,CC(019x027)/F1,IFNb1,2,3.350659194
CC(019x027)/F1_SP_IFNb1_4,Asymptomatic,Functional+Null,Spleen,CC(019x027)/F1,IFNb1,4,1.674426158
CC(019x027)/F1_SP_IFNb1_7,Asymptomatic,Functional+Null,Spleen,CC(019x027)/F1,IFNb1,7,0.729622419
CC(020x008)/F1_SP_IFITM1_12,Asymptomatic,Null+Functional,Spleen,CC(020x008)/F1,IFITM1,12,0.870349608
CC(020x008)/F1_SP_IFITM1_2,Asymptomatic,Null+Functional,Spleen,CC(020x008)/F1,IFITM1,2,0.731929988
CC(020x008)/F1_SP_IFITM1_4,Asymptomatic,Null+Functional,Spleen,CC(020x008)/F1,IFITM1,4,0.86420422
CC(020x008)/F1_SP_IFITM1_7,Asymptomatic,Null+Functional,Spleen,CC(020x008)/F1,IFITM1,7,0.79523029
CC(020x008)/F1_SP_IFNb1_12,Asymptomatic,Null+Functional,Spleen,CC(020x008)/F1,IFNb1,12,0.888363447
CC(020x008)/F1_SP_IFNb1_2,Asymptomatic,Null+Functional,Spleen,CC(020x008)/F1,IFNb1,2,0.843685783
CC(020x008)/F1_SP_IFNb1_4,Asymptomatic,Null+Functional,Spleen,CC(020x008)/F1,IFNb1,4,1.018185291
CC(020x008)/F1_SP_IFNb1_7,Asymptomatic,Null+Functional,Spleen,CC(020x008)/F1,IFNb1,7,1.015209945
CC(021x023)/F1_SP_IFITM1_2,Symptomatic,Null+Null,Spleen,CC(021x023)/F1,IFITM1,2,0.744322649
CC(021x023)/F1_SP_IFITM1_4,Symptomatic,Null+Null,Spleen,CC(021x023)/F1,IFITM1,4,0.913128302
CC(021x023)/F1_SP_IFITM1_7,Symptomatic,Null+Null,Spleen,CC(021x023)/F1,IFITM1,7,1.320931636
CC(021x023)/F1_SP_IFNb1_2,Symptomatic,Null+Null,Spleen,CC(021x023)/F1,IFNb1,2,2.165449958
CC(021x023)/F1_SP_IFNb1_4,Symptomatic,Null+Null,Spleen,CC(021x023)/F1,IFNb1,4,3.370329476
CC(021x023)/F1_SP_IFNb1_7,Symptomatic,Null+Null,Spleen,CC(021x023)/F1,IFNb1,7,0.916368724
CC(022x024)/F1_SP_IFITM1_12,Asymptomatic,Functional+Null,Spleen,CC(022x024)/F1,IFITM1,12,1.198585855
CC(022x024)/F1_SP_IFITM1_2,Asymptomatic,Functional+Null,Spleen,CC(022x024)/F1,IFITM1,2,1.048666421
CC(022x024)/F1_SP_IFITM1_4,Asymptomatic,Functional+Null,Spleen,CC(022x024)/F1,IFITM1,4,0.944747255
CC(022x024)/F1_SP_IFITM1_7,Asymptomatic,Functional+Null,Spleen,CC(022x024)/F1,IFITM1,7,0.748692137
CC(022x024)/F1_SP_IFNb1_12,Asymptomatic,Functional+Null,Spleen,CC(022x024)/F1,IFNb1,12,0.50312874
CC(022x024)/F1_SP_IFNb1_2,Asymptomatic,Functional+Null,Spleen,CC(022x024)/F1,IFNb1,2,0.42814358
CC(022x024)/F1_SP_IFNb1_4,Asymptomatic,Functional+Null,Spleen,CC(022x024)/F1,IFNb1,4,0.171876582
CC(022x024)/F1_SP_IFNb1_7,Asymptomatic,Functional+Null,Spleen,CC(022x024)/F1,IFNb1,7,0.154379754
CC(022x044)/F1_SP_IFITM1_12,Asymptomatic,Functional+Null,Spleen,CC(022x044)/F1,IFITM1,12,0.742396518
CC(022x044)/F1_SP_IFITM1_2,Asymptomatic,Functional+Null,Spleen,CC(022x044)/F1,IFITM1,2,0.427664823
CC(022x044)/F1_SP_IFITM1_4,Asymptomatic,Functional+Null,Spleen,CC(022x044)/F1,IFITM1,4,0.413780089
CC(022x044)/F1_SP_IFITM1_7,Asymptomatic,Functional+Null,Spleen,CC(022x044)/F1,IFITM1,7,0.569482985
CC(022x044)/F1_SP_IFNb1_12,Asymptomatic,Functional+Null,Spleen,CC(022x044)/F1,IFNb1,12,0.509109472
CC(022x044)/F1_SP_IFNb1_2,Asymptomatic,Functional+Null,Spleen,CC(022x044)/F1,IFNb1,2,2.6742292
CC(022x044)/F1_SP_IFNb1_4,Asymptomatic,Functional+Null,Spleen,CC(022x044)/F1,IFNb1,4,0.68906064
CC(022x044)/F1_SP_IFNb1_7,Asymptomatic,Functional+Null,Spleen,CC(022x044)/F1,IFNb1,7,0.648705212
CC(023x025)/F1_SP_IFITM1_12,Symptomatic,Null+Functional,Spleen,CC(023x025)/F1,IFITM1,12,1.057181034
CC(023x025)/F1_SP_IFITM1_2,Symptomatic,Null+Functional,Spleen,CC(023x025)/F1,IFITM1,2,1.170037926
CC(023x025)/F1_SP_IFITM1_4,Symptomatic,Null+Functional,Spleen,CC(023x025)/F1,IFITM1,4,0.840184471
CC(023x025)/F1_SP_IFITM1_7,Symptomatic,Null+Functional,Spleen,CC(023x025)/F1,IFITM1,7,0.626235675
CC(023x025)/F1_SP_IFNb1_12,Symptomatic,Null+Functional,Spleen,CC(023x025)/F1,IFNb1,12,1.255464852
CC(023x025)/F1_SP_IFNb1_2,Symptomatic,Null+Functional,Spleen,CC(023x025)/F1,IFNb1,2,1.487728227
CC(023x025)/F1_SP_IFNb1_4,Symptomatic,Null+Functional,Spleen,CC(023x025)/F1,IFNb1,4,0.663984485
CC(023x025)/F1_SP_IFNb1_7,Symptomatic,Null+Functional,Spleen,CC(023x025)/F1,IFNb1,7,0.873774575
CC(024x052)/F1_SP_IFITM1_12,Symptomatic,Null+Null,Spleen,CC(024x052)/F1,IFITM1,12,0.933752449
CC(024x052)/F1_SP_IFITM1_2,Symptomatic,Null+Null,Spleen,CC(024x052)/F1,IFITM1,2,0.990800986
CC(024x052)/F1_SP_IFITM1_4,Symptomatic,Null+Null,Spleen,CC(024x052)/F1,IFITM1,4,0.796885671
CC(024x052)/F1_SP_IFITM1_7,Symptomatic,Null+Null,Spleen,CC(024x052)/F1,IFITM1,7,1.227925566
CC(024x052)/F1_SP_IFNb1_12,Symptomatic,Null+Null,Spleen,CC(024x052)/F1,IFNb1,12,0.435543877
CC(024x052)/F1_SP_IFNb1_2,Symptomatic,Null+Null,Spleen,CC(024x052)/F1,IFNb1,2,2.417754321
CC(024x052)/F1_SP_IFNb1_4,Symptomatic,Null+Null,Spleen,CC(024x052)/F1,IFNb1,4,1.369728394
CC(024x052)/F1_SP_IFNb1_7,Symptomatic,Null+Null,Spleen,CC(024x052)/F1,IFNb1,7,1.053848504
CC(027x036)/F1_SP_IFITM1_2,Symptomatic,Null+Null,Spleen,CC(027x036)/F1,IFITM1,2,0.915169714
CC(027x036)/F1_SP_IFITM1_4,Symptomatic,Null+Null,Spleen,CC(027x036)/F1,IFITM1,4,0.601744226
CC(027x036)/F1_SP_IFITM1_7,Symptomatic,Null+Null,Spleen,CC(027x036)/F1,IFITM1,7,0.751002208
CC(027x036)/F1_SP_IFNb1_2,Symptomatic,Null+Null,Spleen,CC(027x036)/F1,IFNb1,2,4.8195188
CC(027x036)/F1_SP_IFNb1_4,Symptomatic,Null+Null,Spleen,CC(027x036)/F1,IFNb1,4,2.203300773
CC(027x036)/F1_SP_IFNb1_7,Symptomatic,Null+Null,Spleen,CC(027x036)/F1,IFNb1,7,1.327458168
CC(028x024)/F1_SP_IFITM1_12,Asymptomatic,Functional+Null,Spleen,CC(028x024)/F1,IFITM1,12,1.06691469
CC(028x024)/F1_SP_IFITM1_2,Asymptomatic,Functional+Null,Spleen,CC(028x024)/F1,IFITM1,2,1.184818957
CC(028x024)/F1_SP_IFITM1_4,Asymptomatic,Functional+Null,Spleen,CC(028x024)/F1,IFITM1,4,1.002390517
CC(028x024)/F1_SP_IFITM1_7,Asymptomatic,Functional+Null,Spleen,CC(028x024)/F1,IFITM1,7,0.764188114
CC(028x024)/F1_SP_IFNb1_12,Asymptomatic,Functional+Null,Spleen,CC(028x024)/F1,IFNb1,12,0.463044203
CC(028x024)/F1_SP_IFNb1_2,Asymptomatic,Functional+Null,Spleen,CC(028x024)/F1,IFNb1,2,0.465762605
CC(028x024)/F1_SP_IFNb1_4,Asymptomatic,Functional+Null,Spleen,CC(028x024)/F1,IFNb1,4,0.53522666
CC(028x024)/F1_SP_IFNb1_7,Asymptomatic,Functional+Null,Spleen,CC(028x024)/F1,IFNb1,7,0.654591122
CC(029x027)/F1_SP_IFITM1_12,Asymptomatic,Functional+Null,Spleen,CC(029x027)/F1,IFITM1,12,0.81765011
CC(029x027)/F1_SP_IFITM1_2,Asymptomatic,Functional+Null,Spleen,CC(029x027)/F1,IFITM1,2,0.901042209
CC(029x027)/F1_SP_IFITM1_4,Asymptomatic,Functional+Null,Spleen,CC(029x027)/F1,IFITM1,4,0.837664675
CC(029x027)/F1_SP_IFITM1_7,Asymptomatic,Functional+Null,Spleen,CC(029x027)/F1,IFITM1,7,0.60313619
CC(029x027)/F1_SP_IFNb1_12,Asymptomatic,Functional+Null,Spleen,CC(029x027)/F1,IFNb1,12,0.632342166
CC(029x027)/F1_SP_IFNb1_2,Asymptomatic,Functional+Null,Spleen,CC(029x027)/F1,IFNb1,2,0.527167201
CC(029x027)/F1_SP_IFNb1_4,Asymptomatic,Functional+Null,Spleen,CC(029x027)/F1,IFNb1,4,0.396208709
CC(029x027)/F1_SP_IFNb1_7,Asymptomatic,Functional+Null,Spleen,CC(029x027)/F1,IFNb1,7,0.209254727
CC(029x071)/F1_SP_IFITM1_12,Asymptomatic,Functional+Null,Spleen,CC(029x071)/F1,IFITM1,12,0.900354594
CC(029x071)/F1_SP_IFITM1_2,Asymptomatic,Functional+Null,Spleen,CC(029x071)/F1,IFITM1,2,1.095596706
CC(029x071)/F1_SP_IFITM1_4,Asymptomatic,Functional+Null,Spleen,CC(029x071)/F1,IFITM1,4,0.895299731
CC(029x071)/F1_SP_IFITM1_7,Asymptomatic,Functional+Null,Spleen,CC(029x071)/F1,IFITM1,7,0.724975939
CC(029x071)/F1_SP_IFNb1_12,Asymptomatic,Functional+Null,Spleen,CC(029x071)/F1,IFNb1,12,1.510020622
CC(029x071)/F1_SP_IFNb1_2,Asymptomatic,Functional+Null,Spleen,CC(029x071)/F1,IFNb1,2,2.031645522
CC(029x071)/F1_SP_IFNb1_4,Asymptomatic,Functional+Null,Spleen,CC(029x071)/F1,IFNb1,4,0.746009468
CC(029x071)/F1_SP_IFNb1_7,Asymptomatic,Functional+Null,Spleen,CC(029x071)/F1,IFNb1,7,0.730473061
CC(030x023)/F1_SP_IFITM1_12,Asymptomatic,Functional+Null,Spleen,CC(030x023)/F1,IFITM1,12,0.934183522
CC(030x023)/F1_SP_IFITM1_2,Asymptomatic,Functional+Null,Spleen,CC(030x023)/F1,IFITM1,2,1.05214499
CC(030x023)/F1_SP_IFITM1_4,Asymptomatic,Functional+Null,Spleen,CC(030x023)/F1,IFITM1,4,0.40412937
CC(030x023)/F1_SP_IFITM1_7,Asymptomatic,Functional+Null,Spleen,CC(030x023)/F1,IFITM1,7,0.595978916
CC(030x023)/F1_SP_IFNb1_12,Asymptomatic,Functional+Null,Spleen,CC(030x023)/F1,IFNb1,12,2.29775062
CC(030x023)/F1_SP_IFNb1_2,Asymptomatic,Functional+Null,Spleen,CC(030x023)/F1,IFNb1,2,1.757943313
CC(030x023)/F1_SP_IFNb1_4,Asymptomatic,Functional+Null,Spleen,CC(030x023)/F1,IFNb1,4,4.661446547
CC(030x023)/F1_SP_IFNb1_7,Asymptomatic,Functional+Null,Spleen,CC(030x023)/F1,IFNb1,7,2.7029879
CC(030x061)/F1_SP_IFITM1_12,Asymptomatic,Functional+Null,Spleen,CC(030x061)/F1,IFITM1,12,0.582052982
CC(030x061)/F1_SP_IFITM1_2,Asymptomatic,Functional+Null,Spleen,CC(030x061)/F1,IFITM1,2,0.915874832
CC(030x061)/F1_SP_IFITM1_4,Asymptomatic,Functional+Null,Spleen,CC(030x061)/F1,IFITM1,4,0.618280466
CC(030x061)/F1_SP_IFITM1_7,Asymptomatic,Functional+Null,Spleen,CC(030x061)/F1,IFITM1,7,0.560108366
CC(030x061)/F1_SP_IFNb1_12,Asymptomatic,Functional+Null,Spleen,CC(030x061)/F1,IFNb1,12,1.630521059
CC(030x061)/F1_SP_IFNb1_2,Asymptomatic,Functional+Null,Spleen,CC(030x061)/F1,IFNb1,2,2.754900293
CC(030x061)/F1_SP_IFNb1_4,Asymptomatic,Functional+Null,Spleen,CC(030x061)/F1,IFNb1,4,0.283068343
CC(030x061)/F1_SP_IFNb1_7,Asymptomatic,Functional+Null,Spleen,CC(030x061)/F1,IFNb1,7,0.424940998
CC(032x013)/F1_SP_IFITM1_12,Symptomatic,Null+Null,Spleen,CC(032x013)/F1,IFITM1,12,1.424050631
CC(032x013)/F1_SP_IFITM1_2,Symptomatic,Null+Null,Spleen,CC(032x013)/F1,IFITM1,2,1.167068433
CC(032x013)/F1_SP_IFITM1_7,Symptomatic,Null+Null,Spleen,CC(032x013)/F1,IFITM1,7,0.808258621
CC(032x013)/F1_SP_IFNb1_12,Symptomatic,Null+Null,Spleen,CC(032x013)/F1,IFNb1,12,1.118061964
CC(032x013)/F1_SP_IFNb1_2,Symptomatic,Null+Null,Spleen,CC(032x013)/F1,IFNb1,2,18.99510854
CC(032x013)/F1_SP_IFNb1_7,Symptomatic,Null+Null,Spleen,CC(032x013)/F1,IFNb1,7,7.473469276
CC(032x017)/F1_SP_IFITM1_12,Asymptomatic,Null+Functional,Spleen,CC(032x017)/F1,IFITM1,12,0.593368379
CC(032x017)/F1_SP_IFITM1_2,Asymptomatic,Null+Functional,Spleen,CC(032x017)/F1,IFITM1,2,0.893027902
CC(032x017)/F1_SP_IFITM1_4,Asymptomatic,Null+Functional,Spleen,CC(032x017)/F1,IFITM1,4,0.664086908
CC(032x017)/F1_SP_IFITM1_7,Asymptomatic,Null+Functional,Spleen,CC(032x017)/F1,IFITM1,7,0.583264605
CC(032x017)/F1_SP_IFNb1_12,Asymptomatic,Null+Functional,Spleen,CC(032x017)/F1,IFNb1,12,0.533292808
CC(032x017)/F1_SP_IFNb1_2,Asymptomatic,Null+Functional,Spleen,CC(032x017)/F1,IFNb1,2,1.324904377
CC(032x017)/F1_SP_IFNb1_4,Asymptomatic,Null+Functional,Spleen,CC(032x017)/F1,IFNb1,4,2.69820517
CC(032x017)/F1_SP_IFNb1_7,Asymptomatic,Null+Functional,Spleen,CC(032x017)/F1,IFNb1,7,2.69820517
CC(033x046)/F1_SP_IFITM1_12,Asymptomatic,Null+Functional,Spleen,CC(033x046)/F1,IFITM1,12,3.308601917
CC(033x046)/F1_SP_IFITM1_2,Asymptomatic,Null+Functional,Spleen,CC(033x046)/F1,IFITM1,2,1.355768306
CC(033x046)/F1_SP_IFITM1_4,Asymptomatic,Null+Functional,Spleen,CC(033x046)/F1,IFITM1,4,2.14173077
CC(033x046)/F1_SP_IFITM1_7,Asymptomatic,Null+Functional,Spleen,CC(033x046)/F1,IFITM1,7,2.227185505
CC(033x046)/F1_SP_IFNb1_12,Asymptomatic,Null+Functional,Spleen,CC(033x046)/F1,IFNb1,12,0.054033556
CC(033x046)/F1_SP_IFNb1_2,Asymptomatic,Null+Functional,Spleen,CC(033x046)/F1,IFNb1,2,0.832390671
CC(033x046)/F1_SP_IFNb1_4,Asymptomatic,Null+Functional,Spleen,CC(033x046)/F1,IFNb1,4,0.045356227
CC(033x046)/F1_SP_IFNb1_7,Asymptomatic,Null+Functional,Spleen,CC(033x046)/F1,IFNb1,7,0.025102916
CC(033x068)/F1_SP_IFITM1_12,Symptomatic,Null+Null,Spleen,CC(033x068)/F1,IFITM1,12,0.554304214
CC(033x068)/F1_SP_IFITM1_2,Symptomatic,Null+Null,Spleen,CC(033x068)/F1,IFITM1,2,0.586989212
CC(033x068)/F1_SP_IFITM1_4,Symptomatic,Null+Null,Spleen,CC(033x068)/F1,IFITM1,4,0.299257341
CC(033x068)/F1_SP_IFITM1_7,Symptomatic,Null+Null,Spleen,CC(033x068)/F1,IFITM1,7,0.296307749
CC(033x068)/F1_SP_IFNb1_12,Symptomatic,Null+Null,Spleen,CC(033x068)/F1,IFNb1,12,0.679451147
CC(033x068)/F1_SP_IFNb1_2,Symptomatic,Null+Null,Spleen,CC(033x068)/F1,IFNb1,2,1.721092913
CC(033x068)/F1_SP_IFNb1_4,Symptomatic,Null+Null,Spleen,CC(033x068)/F1,IFNb1,4,0.61918091
CC(033x068)/F1_SP_IFNb1_7,Symptomatic,Null+Null,Spleen,CC(033x068)/F1,IFNb1,7,0.361688741
CC(035x020)/F1_SP_IFITM1_2,Symptomatic,Null+Null,Spleen,CC(035x020)/F1,IFITM1,2,0.879784057
CC(035x020)/F1_SP_IFITM1_4,Symptomatic,Null+Null,Spleen,CC(035x020)/F1,IFITM1,4,0.559203214
CC(035x020)/F1_SP_IFITM1_7,Symptomatic,Null+Null,Spleen,CC(035x020)/F1,IFITM1,7,0.672269066
CC(035x020)/F1_SP_IFNb1_2,Symptomatic,Null+Null,Spleen,CC(035x020)/F1,IFNb1,2,3.539251183
CC(035x020)/F1_SP_IFNb1_4,Symptomatic,Null+Null,Spleen,CC(035x020)/F1,IFNb1,4,1.042465834
CC(035x020)/F1_SP_IFNb1_7,Symptomatic,Null+Null,Spleen,CC(035x020)/F1,IFNb1,7,0.699200338
CC(035x071)/F1_SP_IFITM1_2,Symptomatic,Null+Null,Spleen,CC(035x071)/F1,IFITM1,2,0.863538883
CC(035x071)/F1_SP_IFITM1_4,Symptomatic,Null+Null,Spleen,CC(035x071)/F1,IFITM1,4,0.724638316
CC(035x071)/F1_SP_IFITM1_7,Symptomatic,Null+Null,Spleen,CC(035x071)/F1,IFITM1,7,1.374165181
CC(035x071)/F1_SP_IFNb1_2,Symptomatic,Null+Null,Spleen,CC(035x071)/F1,IFNb1,2,0.980552341
CC(035x071)/F1_SP_IFNb1_4,Symptomatic,Null+Null,Spleen,CC(035x071)/F1,IFNb1,4,0.533333781
CC(035x071)/F1_SP_IFNb1_7,Symptomatic,Null+Null,Spleen,CC(035x071)/F1,IFNb1,7,0.305871908
CC(036x051)/F1_SP_IFITM1_12,Symptomatic,Null+Null,Spleen,CC(036x051)/F1,IFITM1,12,1.193105431
CC(036x051)/F1_SP_IFITM1_2,Symptomatic,Null+Null,Spleen,CC(036x051)/F1,IFITM1,2,1.240185006
CC(036x051)/F1_SP_IFITM1_4,Symptomatic,Null+Null,Spleen,CC(036x051)/F1,IFITM1,4,1.097585473
CC(036x051)/F1_SP_IFITM1_7,Symptomatic,Null+Null,Spleen,CC(036x051)/F1,IFITM1,7,0.998306831
CC(036x051)/F1_SP_IFNb1_12,Symptomatic,Null+Null,Spleen,CC(036x051)/F1,IFNb1,12,0.387159312
CC(036x051)/F1_SP_IFNb1_2,Symptomatic,Null+Null,Spleen,CC(036x051)/F1,IFNb1,2,1.137605878
CC(036x051)/F1_SP_IFNb1_4,Symptomatic,Null+Null,Spleen,CC(036x051)/F1,IFNb1,4,1.056611403
CC(036x051)/F1_SP_IFNb1_7,Symptomatic,Null+Null,Spleen,CC(036x051)/F1,IFNb1,7,0.255764584
CC(037x046)/F1_SP_IFITM1_12,Asymptomatic,Null+Functional,Spleen,CC(037x046)/F1,IFITM1,12,0.807138698
CC(037x046)/F1_SP_IFITM1_2,Asymptomatic,Null+Functional,Spleen,CC(037x046)/F1,IFITM1,2,0.808943632
CC(037x046)/F1_SP_IFITM1_4,Asymptomatic,Null+Functional,Spleen,CC(037x046)/F1,IFITM1,4,0.726594471
CC(037x046)/F1_SP_IFITM1_7,Asymptomatic,Null+Functional,Spleen,CC(037x046)/F1,IFITM1,7,0.280983202
CC(037x046)/F1_SP_IFNb1_12,Asymptomatic,Null+Functional,Spleen,CC(037x046)/F1,IFNb1,12,1.69884663
CC(037x046)/F1_SP_IFNb1_2,Asymptomatic,Null+Functional,Spleen,CC(037x046)/F1,IFNb1,2,3.303765144
CC(037x046)/F1_SP_IFNb1_4,Asymptomatic,Null+Functional,Spleen,CC(037x046)/F1,IFNb1,4,1.754291513
CC(037x046)/F1_SP_IFNb1_7,Asymptomatic,Null+Functional,Spleen,CC(037x046)/F1,IFNb1,7,18.02313063
CC(037x057)/F1_SP_IFITM1_12,Symptomatic,Null+Null,Spleen,CC(037x057)/F1,IFITM1,12,0.9214285
CC(037x057)/F1_SP_IFITM1_2,Symptomatic,Null+Null,Spleen,CC(037x057)/F1,IFITM1,2,1.085647307
CC(037x057)/F1_SP_IFITM1_4,Symptomatic,Null+Null,Spleen,CC(037x057)/F1,IFITM1,4,1.105815633
CC(037x057)/F1_SP_IFITM1_7,Symptomatic,Null+Null,Spleen,CC(037x057)/F1,IFITM1,7,1.041583078
CC(037x057)/F1_SP_IFNb1_12,Symptomatic,Null+Null,Spleen,CC(037x057)/F1,IFNb1,12,0.631757977
CC(037x057)/F1_SP_IFNb1_2,Symptomatic,Null+Null,Spleen,CC(037x057)/F1,IFNb1,2,1.632153956
CC(037x057)/F1_SP_IFNb1_4,Symptomatic,Null+Null,Spleen,CC(037x057)/F1,IFNb1,4,1.575342941
CC(037x057)/F1_SP_IFNb1_7,Symptomatic,Null+Null,Spleen,CC(037x057)/F1,IFNb1,7,0.33665275
CC(038x013)/F1_SP_IFITM1_12,Symptomatic,Functional+Null,Spleen,CC(038x013)/F1,IFITM1,12,0.940246393
CC(038x013)/F1_SP_IFITM1_2,Symptomatic,Functional+Null,Spleen,CC(038x013)/F1,IFITM1,2,1.02416277
CC(038x013)/F1_SP_IFITM1_4,Symptomatic,Functional+Null,Spleen,CC(038x013)/F1,IFITM1,4,0.903961372
CC(038x013)/F1_SP_IFITM1_7,Symptomatic,Functional+Null,Spleen,CC(038x013)/F1,IFITM1,7,0.785249067
CC(038x013)/F1_SP_IFNb1_12,Symptomatic,Functional+Null,Spleen,CC(038x013)/F1,IFNb1,12,1.312817612
CC(038x013)/F1_SP_IFNb1_2,Symptomatic,Functional+Null,Spleen,CC(038x013)/F1,IFNb1,2,0.685233213
CC(038x013)/F1_SP_IFNb1_4,Symptomatic,Functional+Null,Spleen,CC(038x013)/F1,IFNb1,4,0.758617447
CC(038x013)/F1_SP_IFNb1_7,Symptomatic,Functional+Null,Spleen,CC(038x013)/F1,IFNb1,7,1.67429703
CC(039x020)/F1_SP_IFITM1_12,Asymptomatic,Functional+Null,Spleen,CC(039x020)/F1,IFITM1,12,1.092441365
CC(039x020)/F1_SP_IFITM1_2,Asymptomatic,Functional+Null,Spleen,CC(039x020)/F1,IFITM1,2,1.040140013
CC(039x020)/F1_SP_IFITM1_4,Asymptomatic,Functional+Null,Spleen,CC(039x020)/F1,IFITM1,4,0.573023954
CC(039x020)/F1_SP_IFITM1_7,Asymptomatic,Functional+Null,Spleen,CC(039x020)/F1,IFITM1,7,0.767668911
CC(039x020)/F1_SP_IFNb1_12,Asymptomatic,Functional+Null,Spleen,CC(039x020)/F1,IFNb1,12,1.047697457
CC(039x020)/F1_SP_IFNb1_2,Asymptomatic,Functional+Null,Spleen,CC(039x020)/F1,IFNb1,2,1.710796001
CC(039x020)/F1_SP_IFNb1_4,Asymptomatic,Functional+Null,Spleen,CC(039x020)/F1,IFNb1,4,5.42851058
CC(039x020)/F1_SP_IFNb1_7,Asymptomatic,Functional+Null,Spleen,CC(039x020)/F1,IFNb1,7,2.611721139
CC(040x015)/F1_SP_IFITM1_2,Symptomatic,Null+Null,Spleen,CC(040x015)/F1,IFITM1,2,0.949049365
CC(040x015)/F1_SP_IFITM1_4,Symptomatic,Null+Null,Spleen,CC(040x015)/F1,IFITM1,4,0.591953392
CC(040x015)/F1_SP_IFITM1_7,Symptomatic,Null+Null,Spleen,CC(040x015)/F1,IFITM1,7,0.679556753
CC(040x015)/F1_SP_IFNb1_2,Symptomatic,Null+Null,Spleen,CC(040x015)/F1,IFNb1,2,1.743784454
CC(040x015)/F1_SP_IFNb1_4,Symptomatic,Null+Null,Spleen,CC(040x015)/F1,IFNb1,4,0.419122591
CC(040x015)/F1_SP_IFNb1_7,Symptomatic,Null+Null,Spleen,CC(040x015)/F1,IFNb1,7,0.262166451
CC(041x016)/F1_SP_IFITM1_12,Asymptomatic,Functional+Null,Spleen,CC(041x016)/F1,IFITM1,12,1.006025139
CC(041x016)/F1_SP_IFITM1_2,Asymptomatic,Functional+Null,Spleen,CC(041x016)/F1,IFITM1,2,0.89557688
CC(041x016)/F1_SP_IFITM1_4,Asymptomatic,Functional+Null,Spleen,CC(041x016)/F1,IFITM1,4,0.866537005
CC(041x016)/F1_SP_IFITM1_7,Asymptomatic,Functional+Null,Spleen,CC(041x016)/F1,IFITM1,7,0.65651006
CC(041x016)/F1_SP_IFNb1_12,Asymptomatic,Functional+Null,Spleen,CC(041x016)/F1,IFNb1,12,1.228397347
CC(041x016)/F1_SP_IFNb1_2,Asymptomatic,Functional+Null,Spleen,CC(041x016)/F1,IFNb1,2,5.2423807
CC(041x016)/F1_SP_IFNb1_4,Asymptomatic,Functional+Null,Spleen,CC(041x016)/F1,IFNb1,4,4.028752468
CC(041x016)/F1_SP_IFNb1_7,Asymptomatic,Functional+Null,Spleen,CC(041x016)/F1,IFNb1,7,1.203210572
CC(043x033)/F1_SP_IFITM1_12,Symptomatic,Null+Null,Spleen,CC(043x033)/F1,IFITM1,12,0.744781029
CC(043x033)/F1_SP_IFITM1_2,Symptomatic,Null+Null,Spleen,CC(043x033)/F1,IFITM1,2,0.628022869
CC(043x033)/F1_SP_IFITM1_4,Symptomatic,Null+Null,Spleen,CC(043x033)/F1,IFITM1,4,0.591543014
CC(043x033)/F1_SP_IFITM1_7,Symptomatic,Null+Null,Spleen,CC(043x033)/F1,IFITM1,7,0.518909462
CC(043x033)/F1_SP_IFNb1_12,Symptomatic,Null+Null,Spleen,CC(043x033)/F1,IFNb1,12,0.500674124
CC(043x033)/F1_SP_IFNb1_2,Symptomatic,Null+Null,Spleen,CC(043x033)/F1,IFNb1,2,0.830917941
CC(043x033)/F1_SP_IFNb1_4,Symptomatic,Null+Null,Spleen,CC(043x033)/F1,IFNb1,4,1.266536039
CC(043x033)/F1_SP_IFNb1_7,Symptomatic,Null+Null,Spleen,CC(043x033)/F1,IFNb1,7,0.387935375
CC(044x060)/F1_SP_IFITM1_12,Symptomatic,Null+Null,Spleen,CC(044x060)/F1,IFITM1,12,1.380529607
CC(044x060)/F1_SP_IFITM1_2,Symptomatic,Null+Null,Spleen,CC(044x060)/F1,IFITM1,2,1.164016019
CC(044x060)/F1_SP_IFITM1_4,Symptomatic,Null+Null,Spleen,CC(044x060)/F1,IFITM1,4,0.987372634
CC(044x060)/F1_SP_IFITM1_7,Symptomatic,Null+Null,Spleen,CC(044x060)/F1,IFITM1,7,1.257400397
CC(044x060)/F1_SP_IFNb1_12,Symptomatic,Null+Null,Spleen,CC(044x060)/F1,IFNb1,12,0.970634535
CC(044x060)/F1_SP_IFNb1_2,Symptomatic,Null+Null,Spleen,CC(044x060)/F1,IFNb1,2,1.044796703
CC(044x060)/F1_SP_IFNb1_4,Symptomatic,Null+Null,Spleen,CC(044x060)/F1,IFNb1,4,10.49364738
CC(044x060)/F1_SP_IFNb1_7,Symptomatic,Null+Null,Spleen,CC(044x060)/F1,IFNb1,7,2.932007049
CC(045x044)/F1_SP_IFITM1_12,Symptomatic,Null+Null,Spleen,CC(045x044)/F1,IFITM1,12,3.258784238
CC(045x044)/F1_SP_IFITM1_2,Symptomatic,Null+Null,Spleen,CC(045x044)/F1,IFITM1,2,2.557381981
CC(045x044)/F1_SP_IFITM1_4,Symptomatic,Null+Null,Spleen,CC(045x044)/F1,IFITM1,4,2.228044811
CC(045x044)/F1_SP_IFITM1_7,Symptomatic,Null+Null,Spleen,CC(045x044)/F1,IFITM1,7,1.844206578
CC(045x044)/F1_SP_IFNb1_12,Symptomatic,Null+Null,Spleen,CC(045x044)/F1,IFNb1,12,2.80197658
CC(045x044)/F1_SP_IFNb1_2,Symptomatic,Null+Null,Spleen,CC(045x044)/F1,IFNb1,2,6.213665767
CC(045x044)/F1_SP_IFNb1_4,Symptomatic,Null+Null,Spleen,CC(045x044)/F1,IFNb1,4,3.18190117
CC(045x044)/F1_SP_IFNb1_7,Symptomatic,Null+Null,Spleen,CC(045x044)/F1,IFNb1,7,0.899794121
CC(046x068)/F1_SP_IFITM1_12,Asymptomatic,Functional+Null,Spleen,CC(046x068)/F1,IFITM1,12,0.862609056
CC(046x068)/F1_SP_IFITM1_2,Asymptomatic,Functional+Null,Spleen,CC(046x068)/F1,IFITM1,2,1.212793814
CC(046x068)/F1_SP_IFITM1_4,Asymptomatic,Functional+Null,Spleen,CC(046x068)/F1,IFITM1,4,1.200988782
CC(046x068)/F1_SP_IFITM1_7,Asymptomatic,Functional+Null,Spleen,CC(046x068)/F1,IFITM1,7,3.916175269
CC(046x068)/F1_SP_IFNb1_12,Asymptomatic,Functional+Null,Spleen,CC(046x068)/F1,IFNb1,12,0.570162588
CC(046x068)/F1_SP_IFNb1_2,Asymptomatic,Functional+Null,Spleen,CC(046x068)/F1,IFNb1,2,0.669376571
CC(046x068)/F1_SP_IFNb1_4,Asymptomatic,Functional+Null,Spleen,CC(046x068)/F1,IFNb1,4,0.468713458
CC(046x068)/F1_SP_IFNb1_7,Asymptomatic,Functional+Null,Spleen,CC(046x068)/F1,IFNb1,7,2.814738464
CC(051x009)/F1_SP_IFITM1_12,Symptomatic,Null+Null,Spleen,CC(051x009)/F1,IFITM1,12,4.193371281
CC(051x009)/F1_SP_IFITM1_2,Symptomatic,Null+Null,Spleen,CC(051x009)/F1,IFITM1,2,0.52506058
CC(051x009)/F1_SP_IFITM1_4,Symptomatic,Null+Null,Spleen,CC(051x009)/F1,IFITM1,4,1.032875721
CC(051x009)/F1_SP_IFITM1_7,Symptomatic,Null+Null,Spleen,CC(051x009)/F1,IFITM1,7,1.052388137
CC(051x009)/F1_SP_IFNb1_12,Symptomatic,Null+Null,Spleen,CC(051x009)/F1,IFNb1,12,1.81979654
CC(051x009)/F1_SP_IFNb1_2,Symptomatic,Null+Null,Spleen,CC(051x009)/F1,IFNb1,2,6.083913083
CC(051x009)/F1_SP_IFNb1_4,Symptomatic,Null+Null,Spleen,CC(051x009)/F1,IFNb1,4,0.817335481
CC(051x009)/F1_SP_IFNb1_7,Symptomatic,Null+Null,Spleen,CC(051x009)/F1,IFNb1,7,1.190948486
CC(052x007)/F1_SP_IFITM1_12,Symptomatic,Null+Null,Spleen,CC(052x007)/F1,IFITM1,12,0.63909882
CC(052x007)/F1_SP_IFITM1_2,Symptomatic,Null+Null,Spleen,CC(052x007)/F1,IFITM1,2,0.917569171
CC(052x007)/F1_SP_IFITM1_4,Symptomatic,Null+Null,Spleen,CC(052x007)/F1,IFITM1,4,0.950585958
CC(052x007)/F1_SP_IFITM1_7,Symptomatic,Null+Null,Spleen,CC(052x007)/F1,IFITM1,7,0.753493274
CC(052x007)/F1_SP_IFNb1_12,Symptomatic,Null+Null,Spleen,CC(052x007)/F1,IFNb1,12,1.274364014
CC(052x007)/F1_SP_IFNb1_2,Symptomatic,Null+Null,Spleen,CC(052x007)/F1,IFNb1,2,0.794556658
CC(052x007)/F1_SP_IFNb1_4,Symptomatic,Null+Null,Spleen,CC(052x007)/F1,IFNb1,4,1.608073392
CC(052x007)/F1_SP_IFNb1_7,Symptomatic,Null+Null,Spleen,CC(052x007)/F1,IFNb1,7,1.276328322
CC(055x006)/F1_SP_IFITM1_12,Symptomatic,Null+Null,Spleen,CC(055x006)/F1,IFITM1,12,2.947181521
CC(055x006)/F1_SP_IFITM1_2,Symptomatic,Null+Null,Spleen,CC(055x006)/F1,IFITM1,2,1.178618129
CC(055x006)/F1_SP_IFITM1_4,Symptomatic,Null+Null,Spleen,CC(055x006)/F1,IFITM1,4,0.934681796
CC(055x006)/F1_SP_IFITM1_7,Symptomatic,Null+Null,Spleen,CC(055x006)/F1,IFITM1,7,1.409446831
CC(055x006)/F1_SP_IFNb1_12,Symptomatic,Null+Null,Spleen,CC(055x006)/F1,IFNb1,12,2.93988786
CC(055x006)/F1_SP_IFNb1_2,Symptomatic,Null+Null,Spleen,CC(055x006)/F1,IFNb1,2,1.131616236
CC(055x006)/F1_SP_IFNb1_4,Symptomatic,Null+Null,Spleen,CC(055x006)/F1,IFNb1,4,0.746649618
CC(055x006)/F1_SP_IFNb1_7,Symptomatic,Null+Null,Spleen,CC(055x006)/F1,IFNb1,7,0.274395603
CC(055x028)/F1_SP_IFITM1_12,Symptomatic,Null+Functional,Spleen,CC(055x028)/F1,IFITM1,12,1.667798168
CC(055x028)/F1_SP_IFITM1_2,Symptomatic,Null+Functional,Spleen,CC(055x028)/F1,IFITM1,2,1.029698914
CC(055x028)/F1_SP_IFITM1_4,Symptomatic,Null+Functional,Spleen,CC(055x028)/F1,IFITM1,4,1.120475444
CC(055x028)/F1_SP_IFITM1_7,Symptomatic,Null+Functional,Spleen,CC(055x028)/F1,IFITM1,7,0.820173069
CC(055x028)/F1_SP_IFNb1_12,Symptomatic,Null+Functional,Spleen,CC(055x028)/F1,IFNb1,12,2.005862422
CC(055x028)/F1_SP_IFNb1_2,Symptomatic,Null+Functional,Spleen,CC(055x028)/F1,IFNb1,2,1.088494374
CC(055x028)/F1_SP_IFNb1_4,Symptomatic,Null+Functional,Spleen,CC(055x028)/F1,IFNb1,4,4.312592723
CC(055x028)/F1_SP_IFNb1_7,Symptomatic,Null+Functional,Spleen,CC(055x028)/F1,IFNb1,7,0.43313493
CC(056x033)/F1_SP_IFITM1_12,Symptomatic,Null+Null,Spleen,CC(056x033)/F1,IFITM1,12,1.202145076
CC(056x033)/F1_SP_IFITM1_2,Symptomatic,Null+Null,Spleen,CC(056x033)/F1,IFITM1,2,0.747251788
CC(056x033)/F1_SP_IFITM1_4,Symptomatic,Null+Null,Spleen,CC(056x033)/F1,IFITM1,4,0.488241371
CC(056x033)/F1_SP_IFITM1_7,Symptomatic,Null+Null,Spleen,CC(056x033)/F1,IFITM1,7,0.480445148
CC(056x033)/F1_SP_IFNb1_12,Symptomatic,Null+Null,Spleen,CC(056x033)/F1,IFNb1,12,4.131662201
CC(056x033)/F1_SP_IFNb1_2,Symptomatic,Null+Null,Spleen,CC(056x033)/F1,IFNb1,2,3.229549952
CC(056x033)/F1_SP_IFNb1_4,Symptomatic,Null+Null,Spleen,CC(056x033)/F1,IFNb1,4,1.446823187
CC(056x033)/F1_SP_IFNb1_7,Symptomatic,Null+Null,Spleen,CC(056x033)/F1,IFNb1,7,0.508818037
CC(057x052)/F1_SP_IFITM1_12,Symptomatic,Null+Null,Spleen,CC(057x052)/F1,IFITM1,12,1.379467367
CC(057x052)/F1_SP_IFITM1_2,Symptomatic,Null+Null,Spleen,CC(057x052)/F1,IFITM1,2,1.285008251
CC(057x052)/F1_SP_IFITM1_4,Symptomatic,Null+Null,Spleen,CC(057x052)/F1,IFITM1,4,0.911722569
CC(057x052)/F1_SP_IFITM1_7,Symptomatic,Null+Null,Spleen,CC(057x052)/F1,IFITM1,7,1.169407143
CC(057x052)/F1_SP_IFNb1_12,Symptomatic,Null+Null,Spleen,CC(057x052)/F1,IFNb1,12,0.474963407
CC(057x052)/F1_SP_IFNb1_2,Symptomatic,Null+Null,Spleen,CC(057x052)/F1,IFNb1,2,0.25204923
CC(057x052)/F1_SP_IFNb1_4,Symptomatic,Null+Null,Spleen,CC(057x052)/F1,IFNb1,4,2.172465182
CC(057x052)/F1_SP_IFNb1_7,Symptomatic,Null+Null,Spleen,CC(057x052)/F1,IFNb1,7,1.191131494
CC(058x022)/F1_SP_IFITM1_12,Asymptomatic,Null+Functional,Spleen,CC(058x022)/F1,IFITM1,12,0.920187791
CC(058x022)/F1_SP_IFITM1_2,Asymptomatic,Null+Functional,Spleen,CC(058x022)/F1,IFITM1,2,0.956313511
CC(058x022)/F1_SP_IFITM1_4,Asymptomatic,Null+Functional,Spleen,CC(058x022)/F1,IFITM1,4,0.849619488
CC(058x022)/F1_SP_IFITM1_7,Asymptomatic,Null+Functional,Spleen,CC(058x022)/F1,IFITM1,7,0.831109597
CC(058x022)/F1_SP_IFNb1_12,Asymptomatic,Null+Functional,Spleen,CC(058x022)/F1,IFNb1,12,0.867806014
CC(058x022)/F1_SP_IFNb1_2,Asymptomatic,Null+Functional,Spleen,CC(058x022)/F1,IFNb1,2,0.588543784
CC(058x022)/F1_SP_IFNb1_4,Asymptomatic,Null+Functional,Spleen,CC(058x022)/F1,IFNb1,4,0.879174912
CC(058x022)/F1_SP_IFNb1_7,Asymptomatic,Null+Functional,Spleen,CC(058x022)/F1,IFNb1,7,0.808694362
CC(059x065)/F1_SP_IFITM1_12,Symptomatic,Null+Null,Spleen,CC(059x065)/F1,IFITM1,12,1.248811189
CC(059x065)/F1_SP_IFITM1_2,Symptomatic,Null+Null,Spleen,CC(059x065)/F1,IFITM1,2,1.060197621
CC(059x065)/F1_SP_IFITM1_4,Symptomatic,Null+Null,Spleen,CC(059x065)/F1,IFITM1,4,1.235133283
CC(059x065)/F1_SP_IFITM1_7,Symptomatic,Null+Null,Spleen,CC(059x065)/F1,IFITM1,7,1.377343718
CC(059x065)/F1_SP_IFNb1_12,Symptomatic,Null+Null,Spleen,CC(059x065)/F1,IFNb1,12,0.56989882
CC(059x065)/F1_SP_IFNb1_2,Symptomatic,Null+Null,Spleen,CC(059x065)/F1,IFNb1,2,1.850608123
CC(059x065)/F1_SP_IFNb1_4,Symptomatic,Null+Null,Spleen,CC(059x065)/F1,IFNb1,4,1.304552389
CC(059x065)/F1_SP_IFNb1_7,Symptomatic,Null+Null,Spleen,CC(059x065)/F1,IFNb1,7,0.247528344
CC(060x006)/F1_SP_IFITM1_2,Symptomatic,Null+Null,Spleen,CC(060x006)/F1,IFITM1,2,1.161240225
CC(060x006)/F1_SP_IFITM1_4,Symptomatic,Null+Null,Spleen,CC(060x006)/F1,IFITM1,4,1.106241798
CC(060x006)/F1_SP_IFITM1_7,Symptomatic,Null+Null,Spleen,CC(060x006)/F1,IFITM1,7,1.057424878
CC(060x006)/F1_SP_IFNb1_2,Symptomatic,Null+Null,Spleen,CC(060x006)/F1,IFNb1,2,4.831038523
CC(060x006)/F1_SP_IFNb1_4,Symptomatic,Null+Null,Spleen,CC(060x006)/F1,IFNb1,4,0.565047707
CC(060x006)/F1_SP_IFNb1_7,Symptomatic,Null+Null,Spleen,CC(060x006)/F1,IFNb1,7,0.506355524
CC(060x037)/F1_SP_IFITM1_12,Symptomatic,Null+Null,Spleen,CC(060x037)/F1,IFITM1,12,2.849329883
CC(060x037)/F1_SP_IFITM1_2,Symptomatic,Null+Null,Spleen,CC(060x037)/F1,IFITM1,2,0.83019664
CC(060x037)/F1_SP_IFITM1_4,Symptomatic,Null+Null,Spleen,CC(060x037)/F1,IFITM1,4,0.751028465
CC(060x037)/F1_SP_IFITM1_7,Symptomatic,Null+Null,Spleen,CC(060x037)/F1,IFITM1,7,0.582345985
CC(060x037)/F1_SP_IFNb1_12,Symptomatic,Null+Null,Spleen,CC(060x037)/F1,IFNb1,12,2.926604984
CC(060x037)/F1_SP_IFNb1_2,Symptomatic,Null+Null,Spleen,CC(060x037)/F1,IFNb1,2,0.721764844
CC(060x037)/F1_SP_IFNb1_4,Symptomatic,Null+Null,Spleen,CC(060x037)/F1,IFNb1,4,1.143542388
CC(060x037)/F1_SP_IFNb1_7,Symptomatic,Null+Null,Spleen,CC(060x037)/F1,IFNb1,7,0.331319479
CC(061x025)/F1_SP_IFITM1_12,Asymptomatic,Null+Functional,Spleen,CC(061x025)/F1,IFITM1,12,0.790467264
CC(061x025)/F1_SP_IFITM1_2,Asymptomatic,Null+Functional,Spleen,CC(061x025)/F1,IFITM1,2,1.456999444
CC(061x025)/F1_SP_IFITM1_4,Asymptomatic,Null+Functional,Spleen,CC(061x025)/F1,IFITM1,4,0.805648393
CC(061x025)/F1_SP_IFITM1_7,Asymptomatic,Null+Functional,Spleen,CC(061x025)/F1,IFITM1,7,0.44920459
CC(061x025)/F1_SP_IFNb1_12,Asymptomatic,Null+Functional,Spleen,CC(061x025)/F1,IFNb1,12,0.469978608
CC(061x025)/F1_SP_IFNb1_2,Asymptomatic,Null+Functional,Spleen,CC(061x025)/F1,IFNb1,2,5.870341954
CC(061x025)/F1_SP_IFNb1_4,Asymptomatic,Null+Functional,Spleen,CC(061x025)/F1,IFNb1,4,1.262640751
CC(061x025)/F1_SP_IFNb1_7,Asymptomatic,Null+Functional,Spleen,CC(061x025)/F1,IFNb1,7,0.471464796
CC(061x026)/F1_SP_IFITM1_12,Symptomatic,Null+Functional,Spleen,CC(061x026)/F1,IFITM1,12,0.70103386
CC(061x026)/F1_SP_IFITM1_2,Symptomatic,Null+Functional,Spleen,CC(061x026)/F1,IFITM1,2,1.053037162
CC(061x026)/F1_SP_IFITM1_4,Symptomatic,Null+Functional,Spleen,CC(061x026)/F1,IFITM1,4,0.823401067
CC(061x026)/F1_SP_IFITM1_7,Symptomatic,Null+Functional,Spleen,CC(061x026)/F1,IFITM1,7,0.88699662
CC(061x026)/F1_SP_IFNb1_12,Symptomatic,Null+Functional,Spleen,CC(061x026)/F1,IFNb1,12,5.003716897
CC(061x026)/F1_SP_IFNb1_2,Symptomatic,Null+Functional,Spleen,CC(061x026)/F1,IFNb1,2,0.726594258
CC(061x026)/F1_SP_IFNb1_4,Symptomatic,Null+Functional,Spleen,CC(061x026)/F1,IFNb1,4,0.516835765
CC(061x026)/F1_SP_IFNb1_7,Symptomatic,Null+Functional,Spleen,CC(061x026)/F1,IFNb1,7,2.306793995
CC(062x072)/F1_SP_IFITM1_12,Symptomatic,Null+Null,Spleen,CC(062x072)/F1,IFITM1,12,0.928964387
CC(062x072)/F1_SP_IFITM1_2,Symptomatic,Null+Null,Spleen,CC(062x072)/F1,IFITM1,2,0.811441633
CC(062x072)/F1_SP_IFITM1_4,Symptomatic,Null+Null,Spleen,CC(062x072)/F1,IFITM1,4,0.496298887
CC(062x072)/F1_SP_IFITM1_7,Symptomatic,Null+Null,Spleen,CC(062x072)/F1,IFITM1,7,0.586924028
CC(062x072)/F1_SP_IFNb1_12,Symptomatic,Null+Null,Spleen,CC(062x072)/F1,IFNb1,12,0.716167699
CC(062x072)/F1_SP_IFNb1_2,Symptomatic,Null+Null,Spleen,CC(062x072)/F1,IFNb1,2,1.103340207
CC(062x072)/F1_SP_IFNb1_4,Symptomatic,Null+Null,Spleen,CC(062x072)/F1,IFNb1,4,0.600894031
CC(062x072)/F1_SP_IFNb1_7,Symptomatic,Null+Null,Spleen,CC(062x072)/F1,IFNb1,7,0.290213437
CC(063x002)/F1_SP_IFITM1_2,Symptomatic,Null+Null,Spleen,CC(063x002)/F1,IFITM1,2,3.3898528
CC(063x002)/F1_SP_IFITM1_4,Symptomatic,Null+Null,Spleen,CC(063x002)/F1,IFITM1,4,0.690850219
CC(063x002)/F1_SP_IFITM1_7,Symptomatic,Null+Null,Spleen,CC(063x002)/F1,IFITM1,7,0.733680003
CC(063x002)/F1_SP_IFNb1_2,Symptomatic,Null+Null,Spleen,CC(063x002)/F1,IFNb1,2,10.30702053
CC(063x002)/F1_SP_IFNb1_4,Symptomatic,Null+Null,Spleen,CC(063x002)/F1,IFNb1,4,0.888911185
CC(063x002)/F1_SP_IFNb1_7,Symptomatic,Null+Null,Spleen,CC(063x002)/F1,IFNb1,7,0.341378683
CC(065x072)/F1_SP_IFITM1_12,Symptomatic,Null+Null,Spleen,CC(065x072)/F1,IFITM1,12,0.826896206
CC(065x072)/F1_SP_IFITM1_2,Symptomatic,Null+Null,Spleen,CC(065x072)/F1,IFITM1,2,0.932817586
CC(065x072)/F1_SP_IFITM1_4,Symptomatic,Null+Null,Spleen,CC(065x072)/F1,IFITM1,4,0.636691544
CC(065x072)/F1_SP_IFITM1_7,Symptomatic,Null+Null,Spleen,CC(065x072)/F1,IFITM1,7,0.673357528
CC(065x072)/F1_SP_IFNb1_12,Symptomatic,Null+Null,Spleen,CC(065x072)/F1,IFNb1,12,0.309592865
CC(065x072)/F1_SP_IFNb1_2,Symptomatic,Null+Null,Spleen,CC(065x072)/F1,IFNb1,2,2.368178811
CC(065x072)/F1_SP_IFNb1_4,Symptomatic,Null+Null,Spleen,CC(065x072)/F1,IFNb1,4,0.857309971
CC(065x072)/F1_SP_IFNb1_7,Symptomatic,Null+Null,Spleen,CC(065x072)/F1,IFNb1,7,0.56149045
CC(068x035)/F1_SP_IFITM1_12,Symptomatic,Null+Null,Spleen,CC(068x035)/F1,IFITM1,12,2.837482182
CC(068x035)/F1_SP_IFITM1_2,Symptomatic,Null+Null,Spleen,CC(068x035)/F1,IFITM1,2,0.81680761
CC(068x035)/F1_SP_IFITM1_4,Symptomatic,Null+Null,Spleen,CC(068x035)/F1,IFITM1,4,0.861860244
CC(068x035)/F1_SP_IFITM1_7,Symptomatic,Null+Null,Spleen,CC(068x035)/F1,IFITM1,7,0.495509082
CC(068x035)/F1_SP_IFNb1_12,Symptomatic,Null+Null,Spleen,CC(068x035)/F1,IFNb1,12,1.61389139
CC(068x035)/F1_SP_IFNb1_2,Symptomatic,Null+Null,Spleen,CC(068x035)/F1,IFNb1,2,0.886605033
CC(068x035)/F1_SP_IFNb1_4,Symptomatic,Null+Null,Spleen,CC(068x035)/F1,IFNb1,4,1.076205383
CC(068x035)/F1_SP_IFNb1_7,Symptomatic,Null+Null,Spleen,CC(068x035)/F1,IFNb1,7,0.240874096
CC(068x043)/F1_SP_IFITM1_12,Symptomatic,Null+Null,Spleen,CC(068x043)/F1,IFITM1,12,0.799467509
CC(068x043)/F1_SP_IFITM1_2,Symptomatic,Null+Null,Spleen,CC(068x043)/F1,IFITM1,2,1.13227254
CC(068x043)/F1_SP_IFITM1_4,Symptomatic,Null+Null,Spleen,CC(068x043)/F1,IFITM1,4,0.800083246
CC(068x043)/F1_SP_IFITM1_7,Symptomatic,Null+Null,Spleen,CC(068x043)/F1,IFITM1,7,0.731873543
CC(068x043)/F1_SP_IFNb1_12,Symptomatic,Null+Null,Spleen,CC(068x043)/F1,IFNb1,12,0.850339802
CC(068x043)/F1_SP_IFNb1_2,Symptomatic,Null+Null,Spleen,CC(068x043)/F1,IFNb1,2,0.730409432
CC(068x043)/F1_SP_IFNb1_4,Symptomatic,Null+Null,Spleen,CC(068x043)/F1,IFNb1,4,0.924877221
CC(068x043)/F1_SP_IFNb1_7,Symptomatic,Null+Null,Spleen,CC(068x043)/F1,IFNb1,7,0.679871274
CC(070x003)/F1_SP_IFITM1_12,Asymptomatic,Functional+Functional,Spleen,CC(070x003)/F1,IFITM1,12,1.118148193
CC(070x003)/F1_SP_IFITM1_2,Asymptomatic,Functional+Functional,Spleen,CC(070x003)/F1,IFITM1,2,1.125578431
CC(070x003)/F1_SP_IFITM1_4,Asymptomatic,Functional+Functional,Spleen,CC(070x003)/F1,IFITM1,4,0.91940885
CC(070x003)/F1_SP_IFITM1_7,Asymptomatic,Functional+Functional,Spleen,CC(070x003)/F1,IFITM1,7,0.890281747
CC(070x003)/F1_SP_IFNb1_12,Asymptomatic,Functional+Functional,Spleen,CC(070x003)/F1,IFNb1,12,1.009362262
CC(070x003)/F1_SP_IFNb1_2,Asymptomatic,Functional+Functional,Spleen,CC(070x003)/F1,IFNb1,2,1.113164246
CC(070x003)/F1_SP_IFNb1_4,Asymptomatic,Functional+Functional,Spleen,CC(070x003)/F1,IFNb1,4,0.466121465
CC(070x003)/F1_SP_IFNb1_7,Asymptomatic,Functional+Functional,Spleen,CC(070x003)/F1,IFNb1,7,0.391537534
CC(071x053)/F1_SP_IFITM1_12,Asymptomatic,Null+Functional,Spleen,CC(071x053)/F1,IFITM1,12,1.062895659
CC(071x053)/F1_SP_IFITM1_2,Asymptomatic,Null+Functional,Spleen,CC(071x053)/F1,IFITM1,2,1.351494546
CC(071x053)/F1_SP_IFITM1_4,Asymptomatic,Null+Functional,Spleen,CC(071x053)/F1,IFITM1,4,1.010762775
CC(071x053)/F1_SP_IFITM1_7,Asymptomatic,Null+Functional,Spleen,CC(071x053)/F1,IFITM1,7,0.775034753
CC(071x053)/F1_SP_IFNb1_12,Asymptomatic,Null+Functional,Spleen,CC(071x053)/F1,IFNb1,12,0.747654969
CC(071x053)/F1_SP_IFNb1_2,Asymptomatic,Null+Functional,Spleen,CC(071x053)/F1,IFNb1,2,1.913658421
CC(071x053)/F1_SP_IFNb1_4,Asymptomatic,Null+Functional,Spleen,CC(071x053)/F1,IFNb1,4,2.326240064
CC(071x053)/F1_SP_IFNb1_7,Asymptomatic,Null+Functional,Spleen,CC(071x053)/F1,IFNb1,7,0.667213973
CC(071x058)/F1_SP_IFITM1_2,Asymptomatic,Null+Null,Spleen,CC(071x058)/F1,IFITM1,2,0.850143088
CC(071x058)/F1_SP_IFITM1_4,Asymptomatic,Null+Null,Spleen,CC(071x058)/F1,IFITM1,4,0.530956774
CC(071x058)/F1_SP_IFITM1_7,Asymptomatic,Null+Null,Spleen,CC(071x058)/F1,IFITM1,7,1.690103567
CC(071x058)/F1_SP_IFNb1_2,Asymptomatic,Null+Null,Spleen,CC(071x058)/F1,IFNb1,2,1.309585783
CC(071x058)/F1_SP_IFNb1_4,Asymptomatic,Null+Null,Spleen,CC(071x058)/F1,IFNb1,4,0.284423111
CC(071x058)/F1_SP_IFNb1_7,Asymptomatic,Null+Null,Spleen,CC(071x058)/F1,IFNb1,7,0.595841394
CC(072x063)/F1_SP_IFITM1_12,Symptomatic,Null+Null,Spleen,CC(072x063)/F1,IFITM1,12,1.360056979
CC(072x063)/F1_SP_IFITM1_2,Symptomatic,Null+Null,Spleen,CC(072x063)/F1,IFITM1,2,0.635271036
CC(072x063)/F1_SP_IFITM1_4,Symptomatic,Null+Null,Spleen,CC(072x063)/F1,IFITM1,4,0.550740563
CC(072x063)/F1_SP_IFITM1_7,Symptomatic,Null+Null,Spleen,CC(072x063)/F1,IFITM1,7,0.566573048
CC(072x063)/F1_SP_IFNb1_12,Symptomatic,Null+Null,Spleen,CC(072x063)/F1,IFNb1,12,0.334044209
CC(072x063)/F1_SP_IFNb1_2,Symptomatic,Null+Null,Spleen,CC(072x063)/F1,IFNb1,2,1.144635808
CC(072x063)/F1_SP_IFNb1_4,Symptomatic,Null+Null,Spleen,CC(072x063)/F1,IFNb1,4,0.77158074
CC(072x063)/F1_SP_IFNb1_7,Symptomatic,Null+Null,Spleen,CC(072x063)/F1,IFNb1,7,0.425727
CC(072x075)/F1_SP_IFITM1_12,Symptomatic,Null+Null,Spleen,CC(072x075)/F1,IFITM1,12,4.032164228
CC(072x075)/F1_SP_IFITM1_2,Symptomatic,Null+Null,Spleen,CC(072x075)/F1,IFITM1,2,1.423282069
CC(072x075)/F1_SP_IFITM1_4,Symptomatic,Null+Null,Spleen,CC(072x075)/F1,IFITM1,4,0.836117025
CC(072x075)/F1_SP_IFITM1_7,Symptomatic,Null+Null,Spleen,CC(072x075)/F1,IFITM1,7,1.012242699
CC(072x075)/F1_SP_IFNb1_12,Symptomatic,Null+Null,Spleen,CC(072x075)/F1,IFNb1,12,0.601118895
CC(072x075)/F1_SP_IFNb1_2,Symptomatic,Null+Null,Spleen,CC(072x075)/F1,IFNb1,2,2.152977441
CC(072x075)/F1_SP_IFNb1_4,Symptomatic,Null+Null,Spleen,CC(072x075)/F1,IFNb1,4,0.642999255
CC(072x075)/F1_SP_IFNb1_7,Symptomatic,Null+Null,Spleen,CC(072x075)/F1,IFNb1,7,0.411827314
CC(074x058)/F1_SP_IFITM1_12,Symptomatic,Null+Null,Spleen,CC(074x058)/F1,IFITM1,12,0.798421105
CC(074x058)/F1_SP_IFITM1_2,Symptomatic,Null+Null,Spleen,CC(074x058)/F1,IFITM1,2,1.312615522
CC(074x058)/F1_SP_IFITM1_4,Symptomatic,Null+Null,Spleen,CC(074x058)/F1,IFITM1,4,0.975055101
CC(074x058)/F1_SP_IFITM1_7,Symptomatic,Null+Null,Spleen,CC(074x058)/F1,IFITM1,7,0.660872847
CC(074x058)/F1_SP_IFNb1_12,Symptomatic,Null+Null,Spleen,CC(074x058)/F1,IFNb1,12,0.719854683
CC(074x058)/F1_SP_IFNb1_2,Symptomatic,Null+Null,Spleen,CC(074x058)/F1,IFNb1,2,1.445153209
CC(074x058)/F1_SP_IFNb1_4,Symptomatic,Null+Null,Spleen,CC(074x058)/F1,IFNb1,4,1.665423658
CC(074x058)/F1_SP_IFNb1_7,Symptomatic,Null+Null,Spleen,CC(074x058)/F1,IFNb1,7,0.667265823
CC(074x062)/F1_SP_IFITM1_2,Asymptomatic,Null+Null,Spleen,CC(074x062)/F1,IFITM1,2,0.699404146
CC(074x062)/F1_SP_IFITM1_4,Asymptomatic,Null+Null,Spleen,CC(074x062)/F1,IFITM1,4,0.306678009
CC(074x062)/F1_SP_IFITM1_7,Asymptomatic,Null+Null,Spleen,CC(074x062)/F1,IFITM1,7,0.41289109
CC(074x062)/F1_SP_IFNb1_2,Asymptomatic,Null+Null,Spleen,CC(074x062)/F1,IFNb1,2,1.104606433
CC(074x062)/F1_SP_IFNb1_4,Asymptomatic,Null+Null,Spleen,CC(074x062)/F1,IFNb1,4,0.311538557
CC(074x062)/F1_SP_IFNb1_7,Asymptomatic,Null+Null,Spleen,CC(074x062)/F1,IFNb1,7,0.229487928
CC(075x021)/F1_SP_IFITM1_12,Symptomatic,Null+Null,Spleen,CC(075x021)/F1,IFITM1,12,0.778204548
CC(075x021)/F1_SP_IFITM1_2,Symptomatic,Null+Null,Spleen,CC(075x021)/F1,IFITM1,2,1.21036709
CC(075x021)/F1_SP_IFITM1_4,Symptomatic,Null+Null,Spleen,CC(075x021)/F1,IFITM1,4,0.69260802
CC(075x021)/F1_SP_IFITM1_7,Symptomatic,Null+Null,Spleen,CC(075x021)/F1,IFITM1,7,0.756109107
CC(075x021)/F1_SP_IFNb1_12,Symptomatic,Null+Null,Spleen,CC(075x021)/F1,IFNb1,12,1.17437065
CC(075x021)/F1_SP_IFNb1_2,Symptomatic,Null+Null,Spleen,CC(075x021)/F1,IFNb1,2,3.766203473
CC(075x021)/F1_SP_IFNb1_4,Symptomatic,Null+Null,Spleen,CC(075x021)/F1,IFNb1,4,2.580130312
CC(075x021)/F1_SP_IFNb1_7,Symptomatic,Null+Null,Spleen,CC(075x021)/F1,IFNb1,7,1.202283885
CC(075x035)/F1_SP_IFITM1_12,Symptomatic,Null+Null,Spleen,CC(075x035)/F1,IFITM1,12,0.978477767
CC(075x035)/F1_SP_IFITM1_2,Symptomatic,Null+Null,Spleen,CC(075x035)/F1,IFITM1,2,0.901042209
CC(075x035)/F1_SP_IFITM1_4,Symptomatic,Null+Null,Spleen,CC(075x035)/F1,IFITM1,4,0.683072665
CC(075x035)/F1_SP_IFITM1_7,Symptomatic,Null+Null,Spleen,CC(075x035)/F1,IFITM1,7,0.518190993
CC(075x035)/F1_SP_IFNb1_12,Symptomatic,Null+Null,Spleen,CC(075x035)/F1,IFNb1,12,0.27955871
CC(075x035)/F1_SP_IFNb1_2,Symptomatic,Null+Null,Spleen,CC(075x035)/F1,IFNb1,2,1.152775863
CC(075x035)/F1_SP_IFNb1_4,Symptomatic,Null+Null,Spleen,CC(075x035)/F1,IFNb1,4,1.71303715
CC(075x035)/F1_SP_IFNb1_7,Symptomatic,Null+Null,Spleen,CC(075x035)/F1,IFNb1,7,0.806021392
